date,max_temp,min_temp,avg_temp,precip
1/1/2015,40,34,37,0.63
1/2/2015,43,38,40.5,0.2
1/3/2015,62,39,50.5,0.76
1/4/2015,51,35,43,0
1/5/2015,52,29,40.5,0
1/6/2015,71,36,53.5,0
1/7/2015,51,30,40.5,0
1/8/2015,36,23,29.5,T
1/9/2015,38,34,36,0.02
1/10/2015,36,32,34,0.3
1/11/2015,49,34,41.5,0.17
1/12/2015,46,40,43,0
1/13/2015,42,35,38.5,0
1/14/2015,40,38,39,0
1/15/2015,59,38,48.5,0
1/16/2015,64,38,51,0
1/17/2015,69,39,54,0
1/18/2015,72,46,59,0
1/19/2015,75,37,56,0
1/20/2015,80,41,60.5,0
1/21/2015,56,50,53,0.16
1/22/2015,52,41,46.5,2.07
1/23/2015,51,38,44.5,0.4
1/24/2015,63,36,49.5,0
1/25/2015,73,40,56.5,0
1/26/2015,74,46,60,0
1/27/2015,83,51,67,0
1/28/2015,81,42,61.5,0
1/29/2015,79,52,65.5,T
1/30/2015,58,48,53,T
1/31/2015,62,49,55.5,0.31
2/1/2015,73,44,58.5,0.02
2/2/2015,49,33,41,0
2/3/2015,43,40,41.5,0.26
2/4/2015,55,42,48.5,0.06
2/5/2015,52,38,45,T
2/6/2015,60,37,48.5,0
2/7/2015,69,40,54.5,0
2/8/2015,78,58,68,0
2/9/2015,83,52,67.5,0
2/10/2015,81,46,63.5,0
2/11/2015,78,51,64.5,0
2/12/2015,62,44,53,0
2/13/2015,70,39,54.5,0
2/14/2015,78,48,63,0
2/15/2015,68,57,62.5,T
2/16/2015,66,36,51,0.01
2/17/2015,55,34,44.5,0
2/18/2015,66,32,49,0
2/19/2015,70,38,54,0
2/20/2015,75,54,64.5,0
2/21/2015,78,55,66.5,0
2/22/2015,56,37,46.5,0.02
2/23/2015,37,30,33.5,0.01
2/24/2015,37,30,33.5,0
2/25/2015,63,35,49,0.01
2/26/2015,52,33,42.5,0
2/27/2015,36,31,33.5,0.01
2/28/2015,36,31,33.5,0.1
3/1/2015,43,35,39,0.09
3/2/2015,45,38,41.5,0.02
3/3/2015,60,41,50.5,0.01
3/4/2015,70,34,52,0.15
3/5/2015,47,31,39,0.13
3/6/2015,57,26,41.5,0
3/7/2015,60,38,49,T
3/8/2015,54,47,50.5,0.45
3/9/2015,55,49,52,2.17
3/10/2015,63,50,56.5,0
3/11/2015,59,54,56.5,0
3/12/2015,73,52,62.5,0.02
3/13/2015,78,53,65.5,0
3/14/2015,78,53,65.5,0
3/15/2015,69,51,60,0
3/16/2015,77,52,64.5,0
3/17/2015,77,63,70,0.01
3/18/2015,81,60,70.5,0.13
3/19/2015,83,63,73,0
3/20/2015,71,57,64,1.17
3/21/2015,61,55,58,0.43
3/22/2015,78,57,67.5,0
3/23/2015,80,52,66,0
3/24/2015,83,59,71,0
3/25/2015,84,62,73,0
3/26/2015,70,54,62,0.05
3/27/2015,82,46,64,0
3/28/2015,84,48,66,0
3/29/2015,84,57,70.5,0
3/30/2015,80,64,72,0
3/31/2015,82,66,74,0
4/1/2015,83,68,75.5,T
4/2/2015,84,68,76,0
4/3/2015,86,66,76,0
4/4/2015,69,56,62.5,0
4/5/2015,69,59,64,0.02
4/6/2015,85,65,75,0
4/7/2015,87,68,77.5,0
4/8/2015,79,69,74,T
4/9/2015,87,70,78.5,0
4/10/2015,74,56,65,0.09
4/11/2015,70,59,64.5,T
4/12/2015,82,67,74.5,0.01
4/13/2015,87,64,75.5,0.09
4/14/2015,77,57,67,0
4/15/2015,83,54,68.5,0
4/16/2015,81,67,74,0.01
4/17/2015,75,66,70.5,0.41
4/18/2015,77,54,65.5,0.57
4/19/2015,89,57,73,0
4/20/2015,73,54,63.5,0
4/21/2015,81,51,66,0
4/22/2015,81,67,74,T
4/23/2015,85,68,76.5,0
4/24/2015,85,69,77,0.43
4/25/2015,93,70,81.5,0.04
4/26/2015,86,69,77.5,0.08
4/27/2015,85,63,74,0.56
4/28/2015,65,53,59,0
4/29/2015,77,49,63,0
4/30/2015,83,50,66.5,0
5/1/2015,84,55,69.5,0
5/2/2015,83,58,70.5,0
5/3/2015,84,58,71,0
5/4/2015,84,66,75,0
5/5/2015,83,66,74.5,3.84
5/6/2015,87,71,79,0.01
5/7/2015,83,73,78,0.02
5/8/2015,79,73,76,0.29
5/9/2015,85,72,78.5,0.02
5/10/2015,87,76,81.5,0
5/11/2015,79,68,73.5,0.4
5/12/2015,69,65,67,0.23
5/13/2015,70,64,67,1.12
5/14/2015,87,68,77.5,0.08
5/15/2015,77,67,72,0.36
5/16/2015,87,67,77,0
5/17/2015,84,66,75,2.6
5/18/2015,88,73,80.5,0
5/19/2015,89,74,81.5,T
5/20/2015,89,72,80.5,0.33
5/21/2015,76,62,69,0.02
5/22/2015,77,62,69.5,0.03
5/23/2015,87,66,76.5,1.41
5/24/2015,82,64,73,0.76
5/25/2015,82,66,74,5.2
5/26/2015,89,66,77.5,0
5/27/2015,85,67,76,T
5/28/2015,87,69,78,0.2
5/29/2015,89,64,76.5,0.67
5/30/2015,88,70,79,T
5/31/2015,86,67,76.5,0
6/1/2015,88,64,76,0
6/2/2015,90,67,78.5,0
6/3/2015,89,67,78,0
6/4/2015,88,68,78,0
6/5/2015,90,69,79.5,T
6/6/2015,90,70,80,0
6/7/2015,91,70,80.5,0
6/8/2015,93,71,82,0
6/9/2015,95,72,83.5,0
6/10/2015,93,72,82.5,0
6/11/2015,94,73,83.5,0
6/12/2015,93,75,84,0.01
6/13/2015,95,75,85,T
6/14/2015,86,72,79,1.34
6/15/2015,89,74,81.5,0.19
6/16/2015,83,73,78,1.34
6/17/2015,89,72,80.5,2.66
6/18/2015,90,73,81.5,0
6/19/2015,84,71,77.5,1.09
6/20/2015,83,72,77.5,0.49
6/21/2015,86,72,79,0.93
6/22/2015,89,72,80.5,0
6/23/2015,92,75,83.5,0
6/24/2015,92,74,83,0
6/25/2015,93,73,83,0
6/26/2015,93,76,84.5,0
6/27/2015,91,74,82.5,0.01
6/28/2015,91,73,82,0.08
6/29/2015,93,74,83.5,0
6/30/2015,94,73,83.5,0.75
7/1/2015,91,71,81,T
7/2/2015,91,70,80.5,T
7/3/2015,91,76,83.5,T
7/4/2015,92,76,84,0
7/5/2015,91,76,83.5,0
7/6/2015,91,77,84,0
7/7/2015,91,78,84.5,T
7/8/2015,91,78,84.5,0
7/9/2015,93,76,84.5,0
7/10/2015,94,74,84,0
7/11/2015,93,73,83,0
7/12/2015,94,74,84,0
7/13/2015,96,75,85.5,0
7/14/2015,97,74,85.5,0
7/15/2015,95,75,85,0
7/16/2015,95,74,84.5,0
7/17/2015,96,76,86,0
7/18/2015,98,77,87.5,0
7/19/2015,97,76,86.5,0
7/20/2015,97,74,85.5,0
7/21/2015,97,75,86,0
7/22/2015,97,77,87,0
7/23/2015,99,77,88,0
7/24/2015,99,77,88,0
7/25/2015,98,75,86.5,0
7/26/2015,98,76,87,0
7/27/2015,100,77,88.5,0
7/28/2015,100,77,88.5,0
7/29/2015,101,76,88.5,0
7/30/2015,101,75,88,0
7/31/2015,102,78,90,0
8/1/2015,99,73,86,0
8/2/2015,100,75,87.5,0
8/3/2015,99,75,87,0
8/4/2015,100,77,88.5,0
8/5/2015,101,78,89.5,0
8/6/2015,102,77,89.5,0
8/7/2015,101,76,88.5,0
8/8/2015,102,78,90,0
8/9/2015,103,76,89.5,0
8/10/2015,104,75,89.5,0
8/11/2015,105,75,90,0
8/12/2015,105,79,92,0
8/13/2015,104,78,91,0
8/14/2015,101,78,89.5,0
8/15/2015,98,79,88.5,0
8/16/2015,98,75,86.5,0
8/17/2015,98,74,86,0
8/18/2015,99,76,87.5,0
8/19/2015,99,78,88.5,0
8/20/2015,84,73,78.5,0.35
8/21/2015,92,72,82,T
8/22/2015,99,75,87,0
8/23/2015,101,76,88.5,0
8/24/2015,101,76,88.5,0
8/25/2015,101,77,89,0
8/26/2015,98,73,85.5,0
8/27/2015,98,74,86,0
8/28/2015,98,72,85,0
8/29/2015,95,71,83,0
8/30/2015,96,75,85.5,0
8/31/2015,97,74,85.5,0
9/1/2015,94,74,84,0
9/2/2015,95,71,83,0
9/3/2015,94,73,83.5,0
9/4/2015,100,75,87.5,0
9/5/2015,101,79,90,0.01
9/6/2015,100,76,88,0
9/7/2015,100,76,88,0
9/8/2015,99,76,87.5,0
9/9/2015,93,74,83.5,1.05
9/10/2015,96,72,84,0.79
9/11/2015,93,75,84,T
9/12/2015,91,69,80,0
9/13/2015,91,63,77,0
9/14/2015,90,64,77,0
9/15/2015,95,73,84,T
9/16/2015,93,75,84,0.04
9/17/2015,96,75,85.5,0
9/18/2015,96,75,85.5,0
9/19/2015,96,74,85,0
9/20/2015,95,69,82,0
9/21/2015,95,73,84,0
9/22/2015,97,70,83.5,0
9/23/2015,94,68,81,0
9/24/2015,95,69,82,0
9/25/2015,96,72,84,T
9/26/2015,95,68,81.5,0
9/27/2015,95,67,81,0
9/28/2015,89,69,79,0
9/29/2015,94,67,80.5,0
9/30/2015,95,70,82.5,0
10/1/2015,94,69,81.5,0
10/2/2015,89,67,78,0
10/3/2015,87,56,71.5,0
10/4/2015,87,59,73,0
10/5/2015,85,67,76,0
10/6/2015,90,63,76.5,0
10/7/2015,91,62,76.5,0
10/8/2015,91,68,79.5,0
10/9/2015,88,72,80,0
10/10/2015,90,67,78.5,0
10/11/2015,95,64,79.5,0
10/12/2015,99,72,85.5,0
10/13/2015,94,64,79,0
10/14/2015,96,60,78,0
10/15/2015,95,63,79,0
10/16/2015,90,62,76,0
10/17/2015,88,62,75,0
10/18/2015,84,57,70.5,0
10/19/2015,86,54,70,0
10/20/2015,87,58,72.5,0
10/21/2015,86,72,79,T
10/22/2015,82,70,76,0.16
10/23/2015,80,71,75.5,0.43
10/24/2015,76,60,68,4.79
10/25/2015,64,57,60.5,0.65
10/26/2015,79,58,68.5,0
10/27/2015,84,58,71,0
10/28/2015,82,58,70,0
10/29/2015,81,51,66,0
10/30/2015,75,67,71,4.93
10/31/2015,77,65,71,0.89
11/1/2015,75,59,67,0.07
11/2/2015,79,57,68,0
11/3/2015,80,57,68.5,0
11/4/2015,78,61,69.5,T
11/5/2015,85,72,78.5,0.05
11/6/2015,76,59,67.5,0.02
11/7/2015,63,56,59.5,0.53
11/8/2015,71,53,62,0
11/9/2015,73,52,62.5,0
11/10/2015,74,60,67,0
11/11/2015,85,69,77,0
11/12/2015,71,56,63.5,0
11/13/2015,65,56,60.5,0
11/14/2015,65,54,59.5,0.01
11/15/2015,70,54,62,0
11/16/2015,75,65,70,0.01
11/17/2015,75,47,61,1.03
11/18/2015,72,43,57.5,0
11/19/2015,79,46,62.5,0
11/20/2015,77,52,64.5,0
11/21/2015,66,41,53.5,T
11/22/2015,59,34,46.5,0
11/23/2015,63,32,47.5,0
11/24/2015,64,47,55.5,0
11/25/2015,74,62,68,T
11/26/2015,74,68,71,0.26
11/27/2015,74,41,57.5,1.46
11/28/2015,44,39,41.5,0.25
11/29/2015,47,42,44.5,0.04
11/30/2015,55,45,50,0
12/1/2015,59,46,52.5,0
12/2/2015,68,42,55,0
12/3/2015,63,40,51.5,0
12/4/2015,63,37,50,0
12/5/2015,65,37,51,0
12/6/2015,70,44,57,0
12/7/2015,69,44,56.5,0
12/8/2015,75,42,58.5,0
12/9/2015,76,47,61.5,0
12/10/2015,78,51,64.5,0
12/11/2015,79,52,65.5,0
12/12/2015,75,70,72.5,0.01
12/13/2015,74,46,60,1.54
12/14/2015,75,42,58.5,0
12/15/2015,75,53,64,0
12/16/2015,63,46,54.5,0
12/17/2015,68,39,53.5,0
12/18/2015,58,34,46,0
12/19/2015,66,36,51,0
12/20/2015,67,51,59,T
12/21/2015,76,54,65,0
12/22/2015,79,49,64,0
12/23/2015,81,53,67,0
12/24/2015,74,52,63,0
12/25/2015,70,51,60.5,0
12/26/2015,78,70,74,0.1
12/27/2015,73,36,54.5,1.32
12/28/2015,46,36,41,T
12/29/2015,49,37,43,0.03
12/30/2015,57,41,49,T
12/31/2015,53,39,46,0
1/1/2016,48,44,46,T
1/2/2016,47,42,44.5,0.2
1/3/2016,62,41,51.5,T
1/4/2016,58,37,47.5,0
1/5/2016,56,36,46,T
1/6/2016,53,46,49.5,0.13
1/7/2016,73,49,61,0
1/8/2016,66,44,55,0
1/9/2016,58,38,48,0
1/10/2016,50,33,41.5,0
1/11/2016,56,34,45,0
1/12/2016,66,34,50,0
1/13/2016,66,38,52,0
1/14/2016,70,47,58.5,0
1/15/2016,70,48,59,0
1/16/2016,64,43,53.5,T
1/17/2016,57,32,44.5,0
1/18/2016,59,36,47.5,0
1/19/2016,69,43,56,0
1/20/2016,57,45,51,0
1/21/2016,64,43,53.5,0.01
1/22/2016,54,37,45.5,0
1/23/2016,57,31,44,0
1/24/2016,70,35,52.5,0
1/25/2016,75,56,65.5,0
1/26/2016,58,43,50.5,T
1/27/2016,59,36,47.5,0
1/28/2016,71,32,51.5,0
1/29/2016,76,38,57,0
1/30/2016,77,46,61.5,0
1/31/2016,86,58,72,0
2/1/2016,77,54,65.5,0
2/2/2016,72,51,61.5,0
2/3/2016,58,39,48.5,0
2/4/2016,59,34,46.5,0
2/5/2016,62,33,47.5,0
2/6/2016,61,39,50,T
2/7/2016,68,32,50,0
2/8/2016,65,46,55.5,0
2/9/2016,74,39,56.5,0
2/10/2016,74,38,56,0
2/11/2016,83,52,67.5,0
2/12/2016,79,47,63,0
2/13/2016,75,52,63.5,0
2/14/2016,75,57,66,0
2/15/2016,74,50,62,0
2/16/2016,82,43,62.5,0
2/17/2016,75,50,62.5,0
2/18/2016,79,54,66.5,0
2/19/2016,81,64,72.5,0
2/20/2016,76,66,71,0
2/21/2016,71,65,68,0.01
2/22/2016,72,57,64.5,0
2/23/2016,61,47,54,1.33
2/24/2016,65,42,53.5,0
2/25/2016,69,38,53.5,0
2/26/2016,64,41,52.5,0
2/27/2016,73,42,57.5,0
2/28/2016,78,55,66.5,0
2/29/2016,77,62,69.5,0
3/1/2016,81,59,70,0
3/2/2016,78,49,63.5,0
3/3/2016,83,62,72.5,0
3/4/2016,76,45,60.5,0
3/5/2016,79,57,68,0
3/6/2016,77,58,67.5,0
3/7/2016,76,64,70,0.01
3/8/2016,83,68,75.5,0.22
3/9/2016,71,59,65,2.18
3/10/2016,64,58,61,0.4
3/11/2016,71,59,65,0.36
3/12/2016,74,57,65.5,T
3/13/2016,85,56,70.5,0
3/14/2016,92,54,73,0
3/15/2016,92,67,79.5,0
3/16/2016,81,61,71,0
3/17/2016,79,67,73,0.02
3/18/2016,79,56,67.5,0.07
3/19/2016,62,47,54.5,0
3/20/2016,64,42,53,0
3/21/2016,68,35,51.5,0
3/22/2016,78,45,61.5,0
3/23/2016,82,65,73.5,0.05
3/24/2016,70,48,59,0.15
3/25/2016,73,41,57,0
3/26/2016,74,48,61,0
3/27/2016,74,56,65,T
3/28/2016,75,48,61.5,0
3/29/2016,69,58,63.5,0.02
3/30/2016,77,68,72.5,0.03
3/31/2016,86,66,76,0
4/1/2016,66,51,58.5,0.34
4/2/2016,74,45,59.5,0
4/3/2016,79,44,61.5,0
4/4/2016,83,53,68,0
4/5/2016,82,53,67.5,0
4/6/2016,82,55,68.5,0
4/7/2016,85,48,66.5,0
4/8/2016,80,55,67.5,0
4/9/2016,77,58,67.5,0.02
4/10/2016,79,65,72,T
4/11/2016,89,70,79.5,T
4/12/2016,73,62,67.5,1.19
4/13/2016,72,58,65,0.4
4/14/2016,77,54,65.5,0
4/15/2016,79,54,66.5,0
4/16/2016,75,64,69.5,0.25
4/17/2016,78,64,71,1.34
4/18/2016,75,63,69,1.13
4/19/2016,81,62,71.5,0
4/20/2016,81,60,70.5,0.58
4/21/2016,83,60,71.5,0.41
4/22/2016,84,60,72,0
4/23/2016,83,55,69,0
4/24/2016,79,63,71,T
4/25/2016,88,70,79,0
4/26/2016,86,72,79,0
4/27/2016,90,62,76,0.54
4/28/2016,87,63,75,T
4/29/2016,84,75,79.5,T
4/30/2016,86,66,76,0.92
5/1/2016,78,66,72,T
5/2/2016,70,57,63.5,T
5/3/2016,78,55,66.5,0
5/4/2016,87,54,70.5,0
5/5/2016,89,59,74,0
5/6/2016,86,56,71,0
5/7/2016,85,60,72.5,0
5/8/2016,73,67,70,0.11
5/9/2016,87,67,77,0
5/10/2016,91,66,78.5,0.27
5/11/2016,87,65,76,0.33
5/12/2016,84,68,76,0.11
5/13/2016,87,71,79,T
5/14/2016,81,63,72,0.77
5/15/2016,72,62,67,0.23
5/16/2016,80,67,73.5,0.26
5/17/2016,82,65,73.5,0.2
5/18/2016,78,64,71,0.16
5/19/2016,76,61,68.5,2.25
5/20/2016,83,62,72.5,0
5/21/2016,83,70,76.5,0
5/22/2016,87,72,79.5,T
5/23/2016,85,71,78,0.01
5/24/2016,87,74,80.5,0
5/25/2016,86,77,81.5,0
5/26/2016,90,68,79,0.52
5/27/2016,77,65,71,0.35
5/28/2016,91,65,78,0.02
5/29/2016,88,70,79,0.18
5/30/2016,89,66,77.5,0.31
5/31/2016,82,67,74.5,1.07
6/1/2016,87,68,77.5,0.19
6/2/2016,84,68,76,0.36
6/3/2016,85,65,75,1.61
6/4/2016,86,67,76.5,0.1
6/5/2016,88,68,78,0
6/6/2016,90,70,80,0
6/7/2016,92,69,80.5,0
6/8/2016,92,70,81,0
6/9/2016,92,71,81.5,0
6/10/2016,91,69,80,0
6/11/2016,93,76,84.5,0
6/12/2016,94,77,85.5,0
6/13/2016,94,76,85,0
6/14/2016,94,78,86,0
6/15/2016,96,78,87,0
6/16/2016,96,75,85.5,0
6/17/2016,97,76,86.5,0
6/18/2016,96,76,86,0
6/19/2016,94,77,85.5,0
6/20/2016,95,75,85,0
6/21/2016,96,75,85.5,0
6/22/2016,96,76,86,0
6/23/2016,95,75,85,0
6/24/2016,93,75,84,0
6/25/2016,88,77,82.5,0.02
6/26/2016,95,76,85.5,0
6/27/2016,96,75,85.5,0
6/28/2016,101,72,86.5,0.33
6/29/2016,96,71,83.5,0
6/30/2016,94,76,85,0
7/1/2016,96,74,85,0
7/2/2016,98,76,87,0
7/3/2016,98,78,88,0
7/4/2016,99,80,89.5,0
7/5/2016,99,79,89,0
7/6/2016,100,79,89.5,0
7/7/2016,99,79,89,0
7/8/2016,100,79,89.5,0
7/9/2016,99,78,88.5,0
7/10/2016,97,77,87,0.04
7/11/2016,100,79,89.5,0
7/12/2016,100,77,88.5,0
7/13/2016,101,80,90.5,0
7/14/2016,101,77,89,0
7/15/2016,101,78,89.5,0
7/16/2016,100,76,88,0
7/17/2016,99,76,87.5,0
7/18/2016,99,78,88.5,0
7/19/2016,100,77,88.5,0
7/20/2016,101,77,89,0
7/21/2016,101,76,88.5,0
7/22/2016,102,76,89,0
7/23/2016,101,78,89.5,0
7/24/2016,101,78,89.5,0
7/25/2016,102,76,89,0.76
7/26/2016,93,75,84,0.08
7/27/2016,92,74,83,1.06
7/28/2016,97,75,86,0
7/29/2016,96,74,85,0
7/30/2016,97,76,86.5,0
7/31/2016,98,78,88,0
8/1/2016,99,75,87,0
8/2/2016,98,75,86.5,0
8/3/2016,99,76,87.5,0
8/4/2016,99,76,87.5,0
8/5/2016,100,77,88.5,0
8/6/2016,100,77,88.5,0
8/7/2016,100,77,88.5,0
8/8/2016,100,78,89,0
8/9/2016,102,79,90.5,0
8/10/2016,102,81,91.5,0
8/11/2016,102,78,90,0
8/12/2016,105,79,92,0
8/13/2016,96,77,86.5,0.1
8/14/2016,84,71,77.5,0.92
8/15/2016,76,71,73.5,2.35
8/16/2016,83,71,77,1.79
8/17/2016,84,75,79.5,0.3
8/18/2016,88,74,81,0.17
8/19/2016,93,75,84,0.06
8/20/2016,83,73,78,0.74
8/21/2016,82,73,77.5,0.11
8/22/2016,91,75,83,0.04
8/23/2016,94,77,85.5,0
8/24/2016,93,76,84.5,0
8/25/2016,94,74,84,0.04
8/26/2016,93,75,84,0
8/27/2016,92,72,82,0
8/28/2016,92,73,82.5,0.16
8/29/2016,91,73,82,0.06
8/30/2016,92,73,82.5,0
8/31/2016,94,74,84,0.09
9/1/2016,96,75,85.5,0
9/2/2016,92,75,83.5,0
9/3/2016,92,73,82.5,T
9/4/2016,93,75,84,0.01
9/5/2016,94,73,83.5,T
9/6/2016,95,77,86,0.01
9/7/2016,96,78,87,0
9/8/2016,95,77,86,0
9/9/2016,95,77,86,0
9/10/2016,93,71,82,0.05
9/11/2016,93,69,81,0
9/12/2016,93,70,81.5,0
9/13/2016,94,74,84,T
9/14/2016,92,76,84,T
9/15/2016,94,72,83,0
9/16/2016,95,75,85,0
9/17/2016,96,74,85,0
9/18/2016,98,75,86.5,0
9/19/2016,99,76,87.5,0
9/20/2016,99,75,87,0
9/21/2016,96,75,85.5,0
9/22/2016,94,70,82,0
9/23/2016,93,76,84.5,0.03
9/24/2016,97,77,87,0.01
9/25/2016,88,70,79,0.76
9/26/2016,73,67,70,1.22
9/27/2016,80,67,73.5,0
9/28/2016,89,65,77,0
9/29/2016,86,63,74.5,0
9/30/2016,83,60,71.5,0
10/1/2016,80,59,69.5,T
10/2/2016,85,58,71.5,0
10/3/2016,87,62,74.5,0
10/4/2016,91,70,80.5,0
10/5/2016,92,75,83.5,0
10/6/2016,92,76,84,T
10/7/2016,89,63,76,T
10/8/2016,86,61,73.5,0
10/9/2016,84,58,71,0
10/10/2016,84,52,68,0
10/11/2016,88,53,70.5,0
10/12/2016,91,61,76,0
10/13/2016,89,68,78.5,0.17
10/14/2016,87,67,77,T
10/15/2016,91,71,81,0
10/16/2016,94,75,84.5,0
10/17/2016,94,74,84,0
10/18/2016,93,75,84,0
10/19/2016,92,75,83.5,0
10/20/2016,83,65,74,0
10/21/2016,77,53,65,0
10/22/2016,80,47,63.5,0
10/23/2016,84,55,69.5,T
10/24/2016,86,67,76.5,T
10/25/2016,86,67,76.5,0
10/26/2016,87,64,75.5,0
10/27/2016,88,64,76,0
10/28/2016,86,61,73.5,0
10/29/2016,86,64,75,0
10/30/2016,87,65,76,0
10/31/2016,86,60,73,0
11/1/2016,91,71,81,0.33
11/2/2016,88,73,80.5,0.01
11/3/2016,80,68,74,1.07
11/4/2016,73,68,70.5,0
11/5/2016,72,63,67.5,0.24
11/6/2016,76,59,67.5,0.07
11/7/2016,71,61,66,0.08
11/8/2016,69,62,65.5,0.49
11/9/2016,65,60,62.5,0.17
11/10/2016,71,56,63.5,0
11/11/2016,74,55,64.5,T
11/12/2016,77,57,67,0
11/13/2016,76,54,65,0
11/14/2016,82,56,69,0
11/15/2016,86,59,72.5,0
11/16/2016,86,55,70.5,0
11/17/2016,82,58,70,0
11/18/2016,79,52,65.5,T
11/19/2016,63,41,52,0
11/20/2016,67,35,51,0
11/21/2016,77,44,60.5,0
11/22/2016,76,62,69,0.49
11/23/2016,73,51,62,0.13
11/24/2016,76,46,61,0
11/25/2016,66,55,60.5,0.03
11/26/2016,70,53,61.5,0
11/27/2016,76,56,66,0
11/28/2016,79,51,65,0
11/29/2016,79,49,64,0
11/30/2016,67,42,54.5,0
12/1/2016,69,37,53,0
12/2/2016,64,51,57.5,0.22
12/3/2016,52,49,50.5,1.29
12/4/2016,53,49,51,0.37
12/5/2016,52,47,49.5,0.63
12/6/2016,58,43,50.5,0
12/7/2016,56,39,47.5,0
12/8/2016,52,36,44,0
12/9/2016,46,33,39.5,0
12/10/2016,52,35,43.5,0
12/11/2016,67,50,58.5,0.02
12/12/2016,67,46,56.5,0
12/13/2016,77,50,63.5,0
12/14/2016,57,43,50,0
12/15/2016,54,45,49.5,0
12/16/2016,67,51,59,0
12/17/2016,76,34,55,0
12/18/2016,37,26,31.5,0
12/19/2016,45,23,34,0
12/20/2016,59,35,47,0
12/21/2016,71,43,57,0
12/22/2016,68,50,59,0
12/23/2016,68,52,60,0.01
12/24/2016,78,65,71.5,T
12/25/2016,80,68,74,0
12/26/2016,84,70,77,T
12/27/2016,76,62,69,T
12/28/2016,83,62,72.5,0
12/29/2016,70,49,59.5,0
12/30/2016,55,49,52,T
12/31/2016,77,51,64,T
1/1/2017,75,53,64,0
1/2/2017,74,52,63,0.4
1/3/2017,76,44,60,0
1/4/2017,50,38,44,0
1/5/2017,63,34,48.5,0
1/6/2017,34,23,28.5,0
1/7/2017,44,19,31.5,0
1/8/2017,53,21,37,0
1/9/2017,71,43,57,0
1/10/2017,79,59,69,0
1/11/2017,80,59,69.5,0
1/12/2017,81,67,74,0
1/13/2017,78,56,67,0.65
1/14/2017,56,47,51.5,0.07
1/15/2017,73,51,62,0.61
1/16/2017,70,58,64,0.3
1/17/2017,59,48,53.5,1.57
1/18/2017,56,47,51.5,0.51
1/19/2017,71,52,61.5,T
1/20/2017,76,47,61.5,0
1/21/2017,81,48,64.5,0.02
1/22/2017,70,53,61.5,0
1/23/2017,76,46,61,0
1/24/2017,84,50,67,0
1/25/2017,69,48,58.5,0
1/26/2017,59,40,49.5,0
1/27/2017,58,38,48,0
1/28/2017,61,39,50,T
1/29/2017,70,40,55,0
1/30/2017,79,47,63,0
1/31/2017,78,44,61,0
2/1/2017,82,51,66.5,0
2/2/2017,64,46,55,0
2/3/2017,53,45,49,T
2/4/2017,51,47,49,0.02
2/5/2017,72,51,61.5,T
2/6/2017,78,67,72.5,T
2/7/2017,86,56,71,0
2/8/2017,87,51,69,0
2/9/2017,68,43,55.5,0
2/10/2017,79,51,65,0
2/11/2017,86,66,76,0
2/12/2017,79,66,72.5,0
2/13/2017,78,63,70.5,T
2/14/2017,67,47,57,0.86
2/15/2017,65,43,54,0
2/16/2017,70,40,55,0
2/17/2017,77,50,63.5,0
2/18/2017,86,62,74,0
2/19/2017,81,61,71,0.09
2/20/2017,70,58,64,1.12
2/21/2017,82,52,67,0
2/22/2017,87,51,69,0
2/23/2017,90,55,72.5,0
2/24/2017,80,54,67,0
2/25/2017,63,44,53.5,0
2/26/2017,72,42,57,T
2/27/2017,82,66,74,T
2/28/2017,80,69,74.5,0
3/1/2017,73,54,63.5,0
3/2/2017,66,49,57.5,0
3/3/2017,71,40,55.5,0
3/4/2017,59,54,56.5,0.66
3/5/2017,75,57,66,0.27
3/6/2017,84,68,76,T
3/7/2017,77,61,69,T
3/8/2017,76,60,68,T
3/9/2017,80,67,73.5,T
3/10/2017,83,62,72.5,T
3/11/2017,66,61,63.5,0.73
3/12/2017,62,47,54.5,0.01
3/13/2017,70,48,59,0.01
3/14/2017,73,40,56.5,0
3/15/2017,75,49,62,0
3/16/2017,79,58,68.5,0.02
3/17/2017,83,65,74,0
3/18/2017,84,65,74.5,0
3/19/2017,85,65,75,0
3/20/2017,85,64,74.5,0
3/21/2017,85,63,74,0
3/22/2017,83,68,75.5,0
3/23/2017,85,65,75,0
3/24/2017,83,60,71.5,0.05
3/25/2017,84,53,68.5,0
3/26/2017,86,63,74.5,0
3/27/2017,86,70,78,0
3/28/2017,86,70,78,T
3/29/2017,84,60,72,0.73
3/30/2017,82,54,68,0
3/31/2017,86,55,70.5,0
4/1/2017,76,65,70.5,0
4/2/2017,77,57,67,0.71
4/3/2017,90,49,69.5,0
4/4/2017,89,60,74.5,0
4/5/2017,75,52,63.5,0
4/6/2017,79,49,64,0
4/7/2017,81,52,66.5,0
4/8/2017,82,56,69,0
4/9/2017,81,66,73.5,0
4/10/2017,80,71,75.5,0.1
4/11/2017,72,62,67,0.34
4/12/2017,78,61,69.5,0
4/13/2017,82,67,74.5,T
4/14/2017,84,65,74.5,0
4/15/2017,84,67,75.5,0
4/16/2017,84,69,76.5,0
4/17/2017,80,63,71.5,T
4/18/2017,82,61,71.5,0
4/19/2017,85,68,76.5,T
4/20/2017,88,70,79,0
4/21/2017,89,71,80,0
4/22/2017,73,57,65,0.01
4/23/2017,77,50,63.5,0
4/24/2017,82,48,65,0
4/25/2017,90,62,76,0
4/26/2017,91,62,76.5,0
4/27/2017,86,53,69.5,0
4/28/2017,95,70,82.5,0
4/29/2017,92,66,79,0.01
4/30/2017,78,52,65,0.05
5/1/2017,91,51,71,0
5/2/2017,92,62,77,0
5/3/2017,95,64,79.5,T
5/4/2017,79,60,69.5,0
5/5/2017,86,55,70.5,0
5/6/2017,91,54,72.5,0
5/7/2017,88,61,74.5,0
5/8/2017,84,64,74,0
5/9/2017,76,66,71,0.04
5/10/2017,83,71,77,T
5/11/2017,88,71,79.5,0.22
5/12/2017,88,63,75.5,0
5/13/2017,89,58,73.5,0
5/14/2017,93,62,77.5,0
5/15/2017,92,67,79.5,0
5/16/2017,86,70,78,0
5/17/2017,90,70,80,0.12
5/18/2017,94,73,83.5,T
5/19/2017,95,75,85,0
5/20/2017,84,66,75,1.22
5/21/2017,78,62,70,0.67
5/22/2017,77,61,69,0.02
5/23/2017,86,58,72,0.07
5/24/2017,87,56,71.5,0
5/25/2017,94,62,78,0
5/26/2017,92,75,83.5,0
5/27/2017,97,76,86.5,0.01
5/28/2017,94,66,80,0.47
5/29/2017,88,68,78,0
5/30/2017,88,68,78,0
5/31/2017,85,68,76.5,0.02
6/1/2017,89,67,78,0
6/2/2017,92,74,83,T
6/3/2017,92,71,81.5,0.24
6/4/2017,91,68,79.5,0.17
6/5/2017,90,66,78,1.39
6/6/2017,92,70,81,0
6/7/2017,95,70,82.5,0
6/8/2017,93,73,83,0
6/9/2017,90,74,82,0
6/10/2017,93,70,81.5,0
6/11/2017,93,73,83,0
6/12/2017,94,75,84.5,T
6/13/2017,98,76,87,0
6/14/2017,96,78,87,0
6/15/2017,99,76,87.5,0
6/16/2017,98,77,87.5,0
6/17/2017,101,77,89,0
6/18/2017,100,78,89,0
6/19/2017,92,76,84,0.01
6/20/2017,98,76,87,0
6/21/2017,97,75,86,0
6/22/2017,99,76,87.5,0
6/23/2017,104,78,91,0
6/24/2017,85,72,78.5,0.14
6/25/2017,90,75,82.5,0.02
6/26/2017,91,72,81.5,1.07
6/27/2017,91,71,81,0.01
6/28/2017,92,71,81.5,0
6/29/2017,99,75,87,0
6/30/2017,98,79,88.5,0
7/1/2017,98,79,88.5,T
7/2/2017,100,78,89,0
7/3/2017,99,76,87.5,0
7/4/2017,101,78,89.5,0
7/5/2017,99,78,88.5,0
7/6/2017,100,77,88.5,0
7/7/2017,99,75,87,0.02
7/8/2017,100,75,87.5,0
7/9/2017,101,77,89,0
7/10/2017,100,76,88,0
7/11/2017,101,77,89,0
7/12/2017,101,77,89,0
7/13/2017,102,77,89.5,0
7/14/2017,101,77,89,0
7/15/2017,103,71,87,0.16
7/16/2017,99,68,83.5,0
7/17/2017,98,77,87.5,T
7/18/2017,100,76,88,0
7/19/2017,101,77,89,0
7/20/2017,103,77,90,0
7/21/2017,104,77,90.5,0
7/22/2017,103,77,90,0
7/23/2017,103,77,90,0.04
7/24/2017,102,76,89,0.01
7/25/2017,103,78,90.5,0
7/26/2017,103,78,90.5,T
7/27/2017,103,75,89,0
7/28/2017,105,76,90.5,0
7/29/2017,107,77,92,0
7/30/2017,106,79,92.5,0
7/31/2017,99,77,88,0
8/1/2017,100,75,87.5,0
8/2/2017,87,78,82.5,T
8/3/2017,95,75,85,0.03
8/4/2017,99,76,87.5,T
8/5/2017,102,77,89.5,0
8/6/2017,101,78,89.5,T
8/7/2017,85,69,77,2.41
8/8/2017,94,73,83.5,0
8/9/2017,96,74,85,0
8/10/2017,100,75,87.5,0
8/11/2017,100,76,88,0
8/12/2017,100,78,89,0
8/13/2017,101,78,89.5,0
8/14/2017,100,77,88.5,0
8/15/2017,99,77,88,0
8/16/2017,101,80,90.5,T
8/17/2017,102,80,91,0
8/18/2017,101,78,89.5,0
8/19/2017,101,76,88.5,0
8/20/2017,101,76,88.5,0
8/21/2017,99,78,88.5,0
8/22/2017,100,76,88,0
8/23/2017,100,75,87.5,0.04
8/24/2017,96,76,86,0.02
8/25/2017,90,76,83,0.23
8/26/2017,76,72,74,5.08
8/27/2017,74,70,72,2.57
8/28/2017,86,70,78,0.06
8/29/2017,90,70,80,0
8/30/2017,93,70,81.5,0
8/31/2017,93,68,80.5,0
9/1/2017,94,68,81,0
9/2/2017,94,69,81.5,0
9/3/2017,92,70,81,0
9/4/2017,92,71,81.5,0
9/5/2017,96,72,84,0
9/6/2017,87,67,77,0
9/7/2017,85,57,71,0
9/8/2017,85,59,72,0
9/9/2017,87,63,75,0
9/10/2017,86,66,76,0
9/11/2017,87,61,74,0
9/12/2017,93,63,78,0
9/13/2017,93,63,78,0
9/14/2017,94,74,84,0
9/15/2017,92,73,82.5,0
9/16/2017,93,75,84,0
9/17/2017,93,72,82.5,0
9/18/2017,95,75,85,0
9/19/2017,95,77,86,0
9/20/2017,96,77,86.5,0
9/21/2017,96,75,85.5,0.02
9/22/2017,91,75,83,T
9/23/2017,90,73,81.5,0
9/24/2017,90,74,82,T
9/25/2017,91,74,82.5,T
9/26/2017,83,71,77,1.62
9/27/2017,85,71,78,0.09
9/28/2017,84,73,78.5,0.06
9/29/2017,76,70,73,0.24
9/30/2017,87,66,76.5,0
10/1/2017,88,62,75,0
10/2/2017,89,69,79,0
10/3/2017,87,74,80.5,0.64
10/4/2017,89,76,82.5,T
10/5/2017,89,70,79.5,0
10/6/2017,87,68,77.5,0
10/7/2017,88,68,78,0
10/8/2017,91,68,79.5,0
10/9/2017,92,73,82.5,0
10/10/2017,79,60,69.5,0.01
10/11/2017,80,57,68.5,0
10/12/2017,88,61,74.5,0
10/13/2017,90,69,79.5,0
10/14/2017,90,73,81.5,0
10/15/2017,79,63,71,0
10/16/2017,77,54,65.5,0
10/17/2017,79,50,64.5,0
10/18/2017,83,49,66,0
10/19/2017,84,57,70.5,0
10/20/2017,84,66,75,0.04
10/21/2017,89,72,80.5,0
10/22/2017,80,55,67.5,0.69
10/23/2017,82,50,66,0
10/24/2017,79,54,66.5,0
10/25/2017,81,51,66,0
10/26/2017,83,50,66.5,0
10/27/2017,66,46,56,0
10/28/2017,64,39,51.5,0
10/29/2017,76,39,57.5,0
10/30/2017,80,48,64,0
10/31/2017,62,51,56.5,0.38
11/1/2017,78,52,65,T
11/2/2017,85,66,75.5,0
11/3/2017,88,74,81,0
11/4/2017,83,71,77,0
11/5/2017,88,72,80,0
11/6/2017,88,72,80,0
11/7/2017,79,60,69.5,0
11/8/2017,60,46,53,0.08
11/9/2017,57,46,51.5,0
11/10/2017,63,52,57.5,0
11/11/2017,75,59,67,T
11/12/2017,78,65,71.5,0.04
11/13/2017,78,63,70.5,0
11/14/2017,80,62,71,0
11/15/2017,73,68,70.5,0
11/16/2017,83,64,73.5,0
11/17/2017,85,70,77.5,0
11/18/2017,84,54,69,0
11/19/2017,65,43,54,0
11/20/2017,69,40,54.5,0
11/21/2017,76,51,63.5,0
11/22/2017,66,43,54.5,0
11/23/2017,72,38,55,0
11/24/2017,77,42,59.5,0
11/25/2017,81,49,65,0
11/26/2017,78,54,66,0
11/27/2017,77,53,65,0
11/28/2017,80,53,66.5,0
11/29/2017,73,50,61.5,0
11/30/2017,77,46,61.5,0
12/1/2017,77,53,65,0
12/2/2017,80,51,65.5,0
12/3/2017,73,61,67,0.01
12/4/2017,85,67,76,T
12/5/2017,72,42,57,0.14
12/6/2017,43,40,41.5,0.94
12/7/2017,47,32,39.5,0.09
12/8/2017,49,31,40,0
12/9/2017,67,34,50.5,0
12/10/2017,70,38,54,0
12/11/2017,76,44,60,0
12/12/2017,65,39,52,0
12/13/2017,62,36,49,0
12/14/2017,65,44,54.5,0
12/15/2017,61,42,51.5,0
12/16/2017,53,41,47,1.32
12/17/2017,59,45,52,0
12/18/2017,57,49,53,T
12/19/2017,71,56,63.5,1.64
12/20/2017,77,50,63.5,0
12/21/2017,79,48,63.5,T
12/22/2017,71,41,56,0.17
12/23/2017,56,37,46.5,0
12/24/2017,63,38,50.5,0
12/25/2017,55,34,44.5,0
12/26/2017,51,41,46,T
12/27/2017,41,38,39.5,T
12/28/2017,50,37,43.5,0
12/29/2017,49,40,44.5,0
12/30/2017,63,43,53,0
12/31/2017,43,27,35,T
1/1/2018,32,25,28.5,0
1/2/2018,32,26,29,0
1/3/2018,56,22,39,0
1/4/2018,55,30,42.5,0
1/5/2018,62,44,53,T
1/6/2018,63,40,51.5,0
1/7/2018,67,54,60.5,T
1/8/2018,69,44,56.5,0
1/9/2018,70,39,54.5,0
1/10/2018,71,48,59.5,T
1/11/2018,72,44,58,T
1/12/2018,58,34,46,0
1/13/2018,54,32,43,0
1/14/2018,61,29,45,0
1/15/2018,71,38,54.5,0.1
1/16/2018,38,26,32,0.14
1/17/2018,38,18,28,0
1/18/2018,45,26,35.5,0
1/19/2018,54,40,47,0.01
1/20/2018,68,51,59.5,0
1/21/2018,72,59,65.5,0.01
1/22/2018,65,45,55,0
1/23/2018,66,39,52.5,0
1/24/2018,65,36,50.5,0
1/25/2018,66,32,49,0
1/26/2018,68,51,59.5,T
1/27/2018,70,59,64.5,0.02
1/28/2018,71,50,60.5,0
1/29/2018,68,40,54,0
1/30/2018,67,34,50.5,0
1/31/2018,72,46,59,0
2/1/2018,73,53,63,0
2/2/2018,59,45,52,0
2/3/2018,56,43,49.5,0.06
2/4/2018,76,42,59,0
2/5/2018,55,40,47.5,0
2/6/2018,54,39,46.5,0.07
2/7/2018,48,36,42,0.01
2/8/2018,59,34,46.5,0
2/9/2018,64,52,58,0.03
2/10/2018,62,40,51,0.04
2/11/2018,43,31,37,0.1
2/12/2018,44,31,37.5,0
2/13/2018,47,39,43,0.04
2/14/2018,72,46,59,0.04
2/15/2018,77,64,70.5,T
2/16/2018,71,57,64,0
2/17/2018,62,50,56,T
2/18/2018,75,51,63,T
2/19/2018,80,69,74.5,T
2/20/2018,73,69,71,0.2
2/21/2018,71,39,55,0.13
2/22/2018,44,37,40.5,0.6
2/23/2018,65,43,54,0.3
2/24/2018,74,62,68,0.01
2/25/2018,68,52,60,0.01
2/26/2018,70,47,58.5,0
2/27/2018,80,59,69.5,0.07
2/28/2018,83,69,76,T
3/1/2018,72,54,63,T
3/2/2018,75,52,63.5,0
3/3/2018,72,53,62.5,0.15
3/4/2018,81,63,72,0.04
3/5/2018,85,61,73,T
3/6/2018,74,51,62.5,0
3/7/2018,69,47,58,0
3/8/2018,71,49,60,0
3/9/2018,73,52,62.5,T
3/10/2018,90,65,77.5,0
3/11/2018,70,55,62.5,0
3/12/2018,68,46,57,0
3/13/2018,71,42,56.5,0
3/14/2018,72,41,56.5,0
3/15/2018,75,50,62.5,0
3/16/2018,89,63,76,T
3/17/2018,85,67,76,0.01
3/18/2018,84,68,76,0.02
3/19/2018,82,60,71,0
3/20/2018,75,49,62,0
3/21/2018,78,43,60.5,0
3/22/2018,81,52,66.5,0
3/23/2018,81,59,70,0
3/24/2018,84,68,76,0
3/25/2018,77,68,72.5,T
3/26/2018,88,69,78.5,0
3/27/2018,82,63,72.5,0.24
3/28/2018,72,58,65,3.28
3/29/2018,86,56,71,0
3/30/2018,74,55,64.5,0
3/31/2018,83,57,70,0
4/1/2018,82,64,73,0
4/2/2018,84,57,70.5,T
4/3/2018,82,62,72,T
4/4/2018,71,50,60.5,0
4/5/2018,78,57,67.5,T
4/6/2018,84,64,74,0.08
4/7/2018,64,40,52,0
4/8/2018,66,41,53.5,0
4/9/2018,65,53,59,0
4/10/2018,78,53,65.5,0
4/11/2018,82,47,64.5,0
4/12/2018,86,63,74.5,0
4/13/2018,88,60,74,0.07
4/14/2018,72,54,63,T
4/15/2018,78,47,62.5,0
4/16/2018,84,47,65.5,0
4/17/2018,87,58,72.5,0
4/18/2018,83,66,74.5,0
4/19/2018,78,59,68.5,0
4/20/2018,72,57,64.5,0
4/21/2018,73,58,65.5,0.03
4/22/2018,79,52,65.5,0
4/23/2018,87,52,69.5,0
4/24/2018,87,59,73,0
4/25/2018,89,55,72,0.28
4/26/2018,78,50,64,0
4/27/2018,80,55,67.5,0
4/28/2018,86,56,71,0
4/29/2018,84,59,71.5,0
4/30/2018,80,64,72,0.01
5/1/2018,81,70,75.5,T
5/2/2018,90,73,81.5,T
5/3/2018,88,75,81.5,0
5/4/2018,75,62,68.5,3.67
5/5/2018,86,63,74.5,0.01
5/6/2018,90,60,75,0
5/7/2018,91,58,74.5,0
5/8/2018,88,64,76,0
5/9/2018,88,66,77,0
5/10/2018,90,66,78,0
5/11/2018,90,70,80,0
5/12/2018,91,73,82,0
5/13/2018,91,74,82.5,0
5/14/2018,91,74,82.5,0
5/15/2018,90,72,81,0.02
5/16/2018,97,66,81.5,0
5/17/2018,96,70,83,0
5/18/2018,95,71,83,0
5/19/2018,94,72,83,0
5/20/2018,82,69,75.5,0.87
5/21/2018,88,69,78.5,T
5/22/2018,88,72,80,0
5/23/2018,90,73,81.5,T
5/24/2018,93,73,83,0
5/25/2018,95,74,84.5,0
5/26/2018,99,74,86.5,0
5/27/2018,97,74,85.5,0
5/28/2018,96,73,84.5,0
5/29/2018,97,74,85.5,0
5/30/2018,98,75,86.5,0
5/31/2018,98,76,87,0
6/1/2018,99,77,88,0
6/2/2018,101,77,89,0
6/3/2018,100,74,87,0.03
6/4/2018,89,71,80,1.27
6/5/2018,99,75,87,0
6/6/2018,99,77,88,0
6/7/2018,98,76,87,0
6/8/2018,95,75,85,T
6/9/2018,96,77,86.5,0.02
6/10/2018,99,77,88,0
6/11/2018,98,78,88,0
6/12/2018,100,78,89,0
6/13/2018,99,78,88.5,T
6/14/2018,99,76,87.5,0
6/15/2018,98,75,86.5,0.09
6/16/2018,94,76,85,0.15
6/17/2018,94,75,84.5,0.05
6/18/2018,93,76,84.5,0.04
6/19/2018,80,74,77,0.38
6/20/2018,84,75,79.5,0.07
6/21/2018,94,74,84,0
6/22/2018,101,76,88.5,0
6/23/2018,100,76,88,0
6/24/2018,100,78,89,0
6/25/2018,95,77,86,0.03
6/26/2018,100,78,89,0
6/27/2018,101,76,88.5,0
6/28/2018,100,76,88,0
6/29/2018,100,78,89,0
6/30/2018,101,78,89.5,0
7/1/2018,103,76,89.5,0
7/2/2018,101,73,87,0
7/3/2018,102,74,88,0
7/4/2018,98,72,85,0.63
7/5/2018,93,71,82,0
7/6/2018,96,73,84.5,0.21
7/7/2018,94,72,83,T
7/8/2018,95,71,83,0
7/9/2018,85,71,78,0.42
7/10/2018,95,70,82.5,0
7/11/2018,96,72,84,0
7/12/2018,97,73,85,0
7/13/2018,96,74,85,0
7/14/2018,98,74,86,0
7/15/2018,98,75,86.5,0
7/16/2018,99,74,86.5,0
7/17/2018,100,73,86.5,0
7/18/2018,102,74,88,0
7/19/2018,104,76,90,0
7/20/2018,104,75,89.5,0
7/21/2018,103,69,86,0
7/22/2018,105,75,90,0
7/23/2018,109,75,92,0
7/24/2018,102,78,90,T
7/25/2018,101,74,87.5,0
7/26/2018,100,70,85,0
7/27/2018,102,68,85,0
7/28/2018,101,67,84,0
7/29/2018,102,74,88,0
7/30/2018,101,77,89,T
7/31/2018,98,76,87,0
8/1/2018,99,69,84,0
8/2/2018,99,62,80.5,0
8/3/2018,98,67,82.5,0
8/4/2018,99,66,82.5,0
8/5/2018,98,71,84.5,0
8/6/2018,96,69,82.5,T
8/7/2018,99,73,86,0
8/8/2018,101,78,89.5,0
8/9/2018,100,70,85,0
8/10/2018,98,75,86.5,0
8/11/2018,97,76,86.5,T
8/12/2018,92,74,83,0.61
8/13/2018,98,76,87,0
8/14/2018,98,74,86,0
8/15/2018,100,74,87,0
8/16/2018,101,77,89,0
8/17/2018,103,72,87.5,0
8/18/2018,103,76,89.5,0
8/19/2018,102,76,89,0
8/20/2018,102,78,90,0.23
8/21/2018,103,76,89.5,0
8/22/2018,103,78,90.5,0
8/23/2018,102,73,87.5,0
8/24/2018,102,73,87.5,0
8/25/2018,101,76,88.5,0
8/26/2018,101,75,88,0
8/27/2018,101,75,88,0
8/28/2018,102,78,90,0
8/29/2018,102,75,88.5,0
8/30/2018,99,73,86,0
8/31/2018,100,68,84,0
9/1/2018,100,72,86,0
9/2/2018,100,74,87,0
9/3/2018,96,75,85.5,0.78
9/4/2018,93,76,84.5,0.07
9/5/2018,95,74,84.5,T
9/6/2018,95,75,85,0.03
9/7/2018,89,76,82.5,0.34
9/8/2018,94,74,84,T
9/9/2018,79,74,76.5,2.08
9/10/2018,77,72,74.5,0.13
9/11/2018,86,72,79,0.29
9/12/2018,87,75,81,0.28
9/13/2018,92,73,82.5,0
9/14/2018,86,73,79.5,0.41
9/15/2018,86,74,80,0.1
9/16/2018,90,71,80.5,0.12
9/17/2018,93,70,81.5,0
9/18/2018,93,73,83,0
9/19/2018,93,70,81.5,0
9/20/2018,91,75,83,0.27
9/21/2018,90,77,83.5,0.17
9/22/2018,80,71,75.5,0.47
9/23/2018,80,66,73,T
9/24/2018,90,71,80.5,T
9/25/2018,94,74,84,T
9/26/2018,90,69,79.5,0.05
9/27/2018,80,62,71,0
9/28/2018,85,60,72.5,0
9/29/2018,81,69,75,T
9/30/2018,87,67,77,T
10/1/2018,87,66,76.5,0.07
10/2/2018,89,68,78.5,T
10/3/2018,91,72,81.5,0
10/4/2018,91,69,80,0
10/5/2018,92,74,83,T
10/6/2018,87,73,80,0.48
10/7/2018,89,70,79.5,0.01
10/8/2018,85,72,78.5,0.53
10/9/2018,82,68,75,0.47
10/10/2018,79,61,70,0
10/11/2018,76,60,68,0
10/12/2018,86,59,72.5,0
10/13/2018,91,70,80.5,0.08
10/14/2018,91,68,79.5,0.06
10/15/2018,76,45,60.5,2.25
10/16/2018,53,48,50.5,0.64
10/17/2018,60,51,55.5,0.05
10/18/2018,62,55,58.5,0.05
10/19/2018,66,60,63,1.11
10/20/2018,68,60,64,0
10/21/2018,74,55,64.5,0
10/22/2018,66,55,60.5,0.02
10/23/2018,68,53,60.5,0.35
10/24/2018,63,58,60.5,0.46
10/25/2018,69,50,59.5,0
10/26/2018,80,49,64.5,0
10/27/2018,86,49,67.5,0
10/28/2018,84,52,68,0
10/29/2018,85,54,69.5,0
10/30/2018,85,65,75,0
10/31/2018,85,57,71,0.57
11/1/2018,70,48,59,0
11/2/2018,78,40,59,0
11/3/2018,79,46,62.5,0
11/4/2018,73,51,62,0.51
11/5/2018,80,51,65.5,0
11/6/2018,80,58,69,0.01
11/7/2018,88,64,76,T
11/8/2018,64,57,60.5,0.96
11/9/2018,60,51,55.5,0.13
11/10/2018,54,48,51,T
11/11/2018,56,48,52,0.22
11/12/2018,51,39,45,0.15
11/13/2018,49,34,41.5,0
11/14/2018,56,24,40,0
11/15/2018,66,27,46.5,0
11/16/2018,70,32,51,0
11/17/2018,75,38,56.5,0
11/18/2018,63,44,53.5,0.29
11/19/2018,54,44,49,T
11/20/2018,63,37,50,0
11/21/2018,56,36,46,0.03
11/22/2018,62,50,56,0
11/23/2018,80,47,63.5,T
11/24/2018,77,39,58,0
11/25/2018,71,49,60,0
11/26/2018,60,31,45.5,0
11/27/2018,64,30,47,0
11/28/2018,73,45,59,0
11/29/2018,76,47,61.5,0
11/30/2018,79,67,73,T
12/1/2018,80,45,62.5,0.04
12/2/2018,70,40,55,0
12/3/2018,65,41,53,0
12/4/2018,58,37,47.5,0
12/5/2018,57,39,48,0
12/6/2018,58,51,54.5,0.57
12/7/2018,56,48,52,3.49
12/8/2018,48,43,45.5,0.04
12/9/2018,57,35,46,0
12/10/2018,61,34,47.5,0
12/11/2018,63,29,46,0
12/12/2018,67,47,57,0
12/13/2018,73,45,59,T
12/14/2018,55,45,50,T
12/15/2018,70,36,53,0
12/16/2018,66,28,47,0
12/17/2018,73,37,55,0
12/18/2018,64,35,49.5,0.03
12/19/2018,63,49,56,T
12/20/2018,65,50,57.5,0
12/21/2018,66,36,51,0
12/22/2018,79,43,61,0
12/23/2018,64,39,51.5,0
12/24/2018,65,32,48.5,0
12/25/2018,77,59,68,T
12/26/2018,73,54,63.5,0.75
12/27/2018,71,48,59.5,1.16
12/28/2018,55,40,47.5,0
12/29/2018,47,42,44.5,0
12/30/2018,43,39,41,0.26
12/31/2018,64,34,49,0.03
1/1/2019,46,33,39.5,0
1/2/2019,42,37,39.5,2.16
1/3/2019,53,31,42,0.22
1/4/2019,67,29,48,0
1/5/2019,73,30,51.5,0
1/6/2019,75,33,54,0
1/7/2019,77,57,67,T
1/8/2019,78,49,63.5,0
1/9/2019,63,41,52,0
1/10/2019,61,39,50,T
1/11/2019,62,41,51.5,0.33
1/12/2019,63,41,52,0
1/13/2019,54,38,46,0
1/14/2019,51,34,42.5,0
1/15/2019,52,47,49.5,0
1/16/2019,58,50,54,0.05
1/17/2019,78,47,62.5,0
1/18/2019,66,47,56.5,0.01
1/19/2019,66,35,50.5,0
1/20/2019,55,31,43,0
1/21/2019,67,27,47,0
1/22/2019,71,43,57,0.1
1/23/2019,57,30,43.5,T
1/24/2019,64,25,44.5,0
1/25/2019,61,31,46,T
1/26/2019,65,37,51,0.27
1/27/2019,68,38,53,0.11
1/28/2019,72,36,54,0
1/29/2019,50,36,43,0
1/30/2019,55,36,45.5,0
1/31/2019,61,48,54.5,0.01
2/1/2019,67,57,62,T
2/2/2019,67,60,63.5,T
2/3/2019,76,62,69,0.02
2/4/2019,77,66,71.5,T
2/5/2019,79,68,73.5,T
2/6/2019,78,69,73.5,0.01
2/7/2019,73,40,56.5,0.01
2/8/2019,40,34,37,T
2/9/2019,41,34,37.5,0.18
2/10/2019,49,39,44,0.08
2/11/2019,64,49,56.5,0.05
2/12/2019,65,34,49.5,0
2/13/2019,66,27,46.5,0
2/14/2019,75,52,63.5,0
2/15/2019,87,49,68,0
2/16/2019,62,43,52.5,0
2/17/2019,63,47,55,T
2/18/2019,62,44,53,0
2/19/2019,46,41,43.5,0.15
2/20/2019,64,38,51,0
2/21/2019,57,39,48,T
2/22/2019,58,50,54,0.03
2/23/2019,78,49,63.5,T
2/24/2019,64,40,52,0
2/25/2019,68,36,52,0
2/26/2019,65,55,60,0.04
2/27/2019,79,53,66,T
2/28/2019,53,40,46.5,0.04
3/1/2019,56,43,49.5,T
3/2/2019,54,46,50,0.01
3/3/2019,47,34,40.5,T
3/4/2019,40,30,35,0
3/5/2019,49,25,37,0
3/6/2019,60,24,42,T
3/7/2019,74,51,62.5,T
3/8/2019,84,66,75,T
3/9/2019,87,52,69.5,0.01
3/10/2019,79,52,65.5,T
3/11/2019,67,58,62.5,T
3/12/2019,79,59,69,0.03
3/13/2019,82,56,69,0.43
3/14/2019,75,51,63,T
3/15/2019,61,46,53.5,0
3/16/2019,61,39,50,0
3/17/2019,68,37,52.5,0
3/18/2019,70,40,55,0
3/19/2019,73,42,57.5,0
3/20/2019,76,42,59,0
3/21/2019,78,45,61.5,0
3/22/2019,80,43,61.5,0
3/23/2019,75,60,67.5,T
3/24/2019,83,65,74,0
3/25/2019,81,57,69,T
3/26/2019,78,48,63,0
3/27/2019,79,43,61,0
3/28/2019,79,48,63.5,0
3/29/2019,80,60,70,0
3/30/2019,71,51,61,T
3/31/2019,58,36,47,0
4/1/2019,61,34,47.5,T
4/2/2019,74,32,53,0
4/3/2019,71,53,62,0.01
4/4/2019,91,63,77,0.04
4/5/2019,83,56,69.5,0
4/6/2019,73,64,68.5,0.75
4/7/2019,73,64,68.5,1.18
4/8/2019,88,60,74,T
4/9/2019,89,52,70.5,0
4/10/2019,93,51,72,0
4/11/2019,83,57,70,0
4/12/2019,80,51,65.5,T
4/13/2019,72,50,61,1.09
4/14/2019,76,48,62,0
4/15/2019,81,45,63,0
4/16/2019,83,63,73,0
4/17/2019,84,63,73.5,0.18
4/18/2019,77,56,66.5,0.46
4/19/2019,76,49,62.5,0
4/20/2019,82,46,64,0
4/21/2019,84,50,67,0
4/22/2019,81,68,74.5,0
4/23/2019,80,68,74,T
4/24/2019,72,58,65,1.88
4/25/2019,88,53,70.5,0
4/26/2019,81,59,70,0
4/27/2019,85,53,69,0
4/28/2019,86,62,74,0
4/29/2019,86,68,77,0
4/30/2019,87,76,81.5,T
5/1/2019,85,76,80.5,T
5/2/2019,83,62,72.5,0.02
5/3/2019,83,63,73,4.77
5/4/2019,82,59,70.5,0
5/5/2019,86,57,71.5,0
5/6/2019,77,64,70.5,T
5/7/2019,87,66,76.5,0.77
5/8/2019,79,67,73,1.58
5/9/2019,88,65,76.5,T
5/10/2019,68,57,62.5,T
5/11/2019,67,59,63,0.04
5/12/2019,81,59,70,0
5/13/2019,85,55,70,0
5/14/2019,83,60,71.5,T
5/15/2019,88,63,75.5,0
5/16/2019,89,63,76,0
5/17/2019,92,74,83,0
5/18/2019,89,77,83,0.23
5/19/2019,93,75,84,0
5/20/2019,92,75,83.5,0
5/21/2019,88,66,77,0.14
5/22/2019,94,74,84,T
5/23/2019,94,77,85.5,T
5/24/2019,93,76,84.5,T
5/25/2019,93,76,84.5,0
5/26/2019,93,76,84.5,0
5/27/2019,91,73,82,T
5/28/2019,92,74,83,T
5/29/2019,94,77,85.5,T
5/30/2019,86,71,78.5,1.69
5/31/2019,91,71,81,0
6/1/2019,92,75,83.5,0
6/2/2019,94,72,83,0
6/3/2019,94,72,83,0
6/4/2019,85,72,78.5,0.43
6/5/2019,91,76,83.5,0.01
6/6/2019,94,69,81.5,1.05
6/7/2019,95,71,83,0
6/8/2019,98,69,83.5,0
6/9/2019,97,73,85,0.39
6/10/2019,89,73,81,0
6/11/2019,80,69,74.5,0.05
6/12/2019,90,66,78,0
6/13/2019,92,68,80,0
6/14/2019,92,68,80,0
6/15/2019,95,76,85.5,0
6/16/2019,96,71,83.5,0.65
6/17/2019,91,70,80.5,0.21
6/18/2019,94,71,82.5,T
6/19/2019,96,78,87,0
6/20/2019,96,80,88,0
6/21/2019,96,80,88,0
6/22/2019,94,75,84.5,0.02
6/23/2019,96,81,88.5,0.01
6/24/2019,83,68,75.5,0.55
6/25/2019,93,70,81.5,T
6/26/2019,92,69,80.5,0
6/27/2019,94,71,82.5,1.27
6/28/2019,93,73,83,0
6/29/2019,94,70,82,0.48
6/30/2019,87,69,78,0.47
7/1/2019,93,72,82.5,0
7/2/2019,94,75,84.5,0
7/3/2019,92,75,83.5,T
7/4/2019,93,75,84,0
7/5/2019,95,78,86.5,0
7/6/2019,93,75,84,0
7/7/2019,95,78,86.5,0
7/8/2019,95,76,85.5,0
7/9/2019,96,77,86.5,0
7/10/2019,97,77,87,0
7/11/2019,97,73,85,T
7/12/2019,97,74,85.5,0
7/13/2019,96,71,83.5,T
7/14/2019,98,75,86.5,0
7/15/2019,97,74,85.5,0
7/16/2019,98,77,87.5,0
7/17/2019,98,75,86.5,0
7/18/2019,98,73,85.5,0
7/19/2019,98,76,87,0
7/20/2019,98,76,87,0
7/21/2019,98,71,84.5,0
7/22/2019,97,74,85.5,0
7/23/2019,92,75,83.5,0
7/24/2019,89,64,76.5,0
7/25/2019,90,58,74,0
7/26/2019,91,61,76,0
7/27/2019,94,65,79.5,0
7/28/2019,98,71,84.5,0
7/29/2019,97,73,85,0
7/30/2019,98,74,86,0
7/31/2019,100,73,86.5,0
8/1/2019,97,70,83.5,0
8/2/2019,98,73,85.5,0
8/3/2019,93,74,83.5,T
8/4/2019,94,74,84,0.04
8/5/2019,98,72,85,0
8/6/2019,99,73,86,0
8/7/2019,98,75,86.5,0
8/8/2019,100,76,88,0
8/9/2019,100,76,88,0
8/10/2019,100,77,88.5,0
8/11/2019,100,75,87.5,0
8/12/2019,101,76,88.5,0
8/13/2019,101,75,88,0
8/14/2019,100,73,86.5,T
8/15/2019,101,74,87.5,0
8/16/2019,102,75,88.5,0
8/17/2019,102,79,90.5,0
8/18/2019,102,79,90.5,0
8/19/2019,101,77,89,0
8/20/2019,100,77,88.5,0
8/21/2019,100,74,87,0
8/22/2019,100,75,87.5,0
8/23/2019,100,75,87.5,T
8/24/2019,97,76,86.5,T
8/25/2019,100,75,87.5,0
8/26/2019,102,78,90,0
8/27/2019,96,79,87.5,0
8/28/2019,100,75,87.5,0
8/29/2019,101,75,88,0
8/30/2019,99,74,86.5,T
8/31/2019,98,72,85,0
9/1/2019,97,72,84.5,T
9/2/2019,100,70,85,0
9/3/2019,100,68,84,0
9/4/2019,100,72,86,0
9/5/2019,101,68,84.5,0
9/6/2019,101,72,86.5,0
9/7/2019,100,72,86,0
9/8/2019,100,73,86.5,0
9/9/2019,100,73,86.5,T
9/10/2019,99,71,85,0.18
9/11/2019,97,69,83,0
9/12/2019,98,71,84.5,0
9/13/2019,98,69,83.5,0
9/14/2019,100,70,85,0
9/15/2019,97,68,82.5,0
9/16/2019,99,70,84.5,0
9/17/2019,93,71,82,T
9/18/2019,100,71,85.5,0
9/19/2019,98,76,87,T
9/20/2019,99,78,88.5,0
9/21/2019,97,78,87.5,0
9/22/2019,98,73,85.5,T
9/23/2019,97,75,86,0
9/24/2019,96,76,86,T
9/25/2019,97,70,83.5,0
9/26/2019,97,70,83.5,0
9/27/2019,97,72,84.5,0
9/28/2019,94,78,86,T
9/29/2019,97,79,88,T
9/30/2019,97,79,88,0.17
10/1/2019,96,77,86.5,0
10/2/2019,96,73,84.5,0
10/3/2019,96,70,83,T
10/4/2019,94,70,82,0
10/5/2019,96,67,81.5,0
10/6/2019,96,66,81,0
10/7/2019,84,67,75.5,0
10/8/2019,87,60,73.5,0
10/9/2019,95,60,77.5,0
10/10/2019,97,76,86.5,T
10/11/2019,81,47,64,0.04
10/12/2019,64,54,59,T
10/13/2019,80,56,68,T
10/14/2019,89,69,79,T
10/15/2019,95,74,84.5,0.03
10/16/2019,76,52,64,0.11
10/17/2019,77,50,63.5,0
10/18/2019,85,47,66,0
10/19/2019,97,60,78.5,0
10/20/2019,94,62,78,T
10/21/2019,81,50,65.5,0.24
10/22/2019,83,46,64.5,0
10/23/2019,87,46,66.5,0
10/24/2019,87,50,68.5,2.07
10/25/2019,61,46,53.5,0.02
10/26/2019,74,44,59,0
10/27/2019,82,36,59,0
10/28/2019,83,49,66,T
10/29/2019,60,50,55,0.01
10/30/2019,50,42,46,0.01
10/31/2019,57,30,43.5,0
11/1/2019,64,25,44.5,0
11/2/2019,69,34,51.5,0
11/3/2019,74,36,55,0
11/4/2019,83,48,65.5,0
11/5/2019,85,57,71,0
11/6/2019,85,63,74,0
11/7/2019,67,45,56,0.13
11/8/2019,51,41,46,0.09
11/9/2019,70,39,54.5,0
11/10/2019,76,42,59,0
11/11/2019,74,33,53.5,0.02
11/12/2019,46,29,37.5,T
11/13/2019,42,27,34.5,T
11/14/2019,45,32,38.5,0.16
11/15/2019,63,30,46.5,0
11/16/2019,67,28,47.5,0
11/17/2019,70,36,53,0
11/18/2019,76,38,57,0
11/19/2019,80,40,60,0
11/20/2019,84,62,73,0
11/21/2019,80,68,74,0
11/22/2019,70,46,58,0.04
11/23/2019,71,40,55.5,0
11/24/2019,75,36,55.5,0
11/25/2019,83,48,65.5,0
11/26/2019,78,59,68.5,T
11/27/2019,67,52,59.5,0
11/28/2019,55,50,52.5,0.01
11/29/2019,75,52,63.5,0.17
11/30/2019,87,58,72.5,0
12/1/2019,66,39,52.5,0
12/2/2019,66,37,51.5,0
12/3/2019,74,30,52,0
12/4/2019,74,40,57,0
12/5/2019,75,43,59,0
12/6/2019,74,49,61.5,0
12/7/2019,69,41,55,0
12/8/2019,77,40,58.5,0
12/9/2019,81,58,69.5,T
12/10/2019,58,36,47,0.37
12/11/2019,58,32,45,0
12/12/2019,62,30,46,0
12/13/2019,79,35,57,0
12/14/2019,78,36,57,0
12/15/2019,82,39,60.5,T
12/16/2019,70,41,55.5,T
12/17/2019,55,26,40.5,0
12/18/2019,60,23,41.5,0
12/19/2019,61,20,40.5,0
12/20/2019,52,47,49.5,0.4
12/21/2019,61,36,48.5,T
12/22/2019,60,31,45.5,0
12/23/2019,72,30,51,0
12/24/2019,71,30,50.5,0
12/25/2019,72,37,54.5,0
12/26/2019,69,47,58,0
12/27/2019,69,48,58.5,0
12/28/2019,73,51,62,0.01
12/29/2019,67,41,54,0
12/30/2019,62,31,46.5,0
12/31/2019,62,28,45,0
1/1/2020,58,50,54,T
1/2/2020,61,41,51,0.02
1/3/2020,66,39,52.5,0
1/4/2020,73,33,53,0
1/5/2020,75,35,55,0
1/6/2020,76,34,55,0
1/7/2020,69,29,49,0
1/8/2020,71,24,47.5,0
1/9/2020,78,62,70,T
1/10/2020,79,57,68,0.43
1/11/2020,59,34,46.5,0.02
1/12/2020,63,28,45.5,0
1/13/2020,61,46,53.5,0.08
1/14/2020,76,60,68,T
1/15/2020,82,66,74,0.01
1/16/2020,70,57,63.5,0.35
1/17/2020,61,52,56.5,0.11
1/18/2020,70,48,59,T
1/19/2020,58,36,47,0
1/20/2020,62,30,46,0
1/21/2020,62,37,49.5,0
1/22/2020,59,48,53.5,0.91
1/23/2020,67,41,54,0
1/24/2020,67,35,51,0
1/25/2020,67,34,50.5,0.04
1/26/2020,77,46,61.5,T
1/27/2020,70,38,54,T
1/28/2020,74,50,62,0.24
1/29/2020,62,42,52,0
1/30/2020,50,43,46.5,T
1/31/2020,62,39,50.5,0
2/1/2020,74,42,58,0
2/2/2020,81,44,62.5,0
2/3/2020,73,56,64.5,T
2/4/2020,79,47,63,0
2/5/2020,47,33,40,0.02
2/6/2020,55,31,43,0
2/7/2020,76,36,56,0
2/8/2020,70,44,57,0
2/9/2020,72,63,67.5,0.08
2/10/2020,71,47,59,0.09
2/11/2020,47,43,45,0.25
2/12/2020,57,44,50.5,1.35
2/13/2020,55,39,47,0
2/14/2020,60,33,46.5,0
2/15/2020,65,40,52.5,0
2/16/2020,78,49,63.5,0
2/17/2020,80,59,69.5,T
2/18/2020,72,50,61,0.03
2/19/2020,51,47,49,0.06
2/20/2020,52,44,48,0.4
2/21/2020,56,36,46,0
2/22/2020,65,44,54.5,0
2/23/2020,69,54,61.5,0
2/24/2020,70,48,59,0.01
2/25/2020,68,47,57.5,0
2/26/2020,56,39,47.5,0
2/27/2020,65,32,48.5,0
2/28/2020,75,39,57,0
2/29/2020,76,47,61.5,0
3/1/2020,77,58,67.5,0
3/2/2020,79,65,72,0
3/3/2020,75,64,69.5,0
3/4/2020,69,54,61.5,1.43
3/5/2020,76,48,62,0
3/6/2020,71,50,60.5,0
3/7/2020,64,45,54.5,T
3/8/2020,76,50,63,0
3/9/2020,67,64,65.5,0.16
3/10/2020,81,59,70,0
3/11/2020,85,63,74,0
3/12/2020,87,68,77.5,0
3/13/2020,84,69,76.5,0
3/14/2020,84,69,76.5,0
3/15/2020,69,58,63.5,0.04
3/16/2020,75,58,66.5,T
3/17/2020,81,68,74.5,0.01
3/18/2020,83,70,76.5,0
3/19/2020,85,70,77.5,0.05
3/20/2020,72,52,62,0.89
3/21/2020,55,48,51.5,0.91
3/22/2020,67,54,60.5,T
3/23/2020,84,64,74,0.01
3/24/2020,92,60,76,0
3/25/2020,91,56,73.5,0
3/26/2020,88,67,77.5,0
3/27/2020,89,70,79.5,0
3/28/2020,81,55,68,0.07
3/29/2020,81,51,66,0
3/30/2020,70,64,67,0.44
3/31/2020,75,56,65.5,0
4/1/2020,78,50,64,0
4/2/2020,70,62,66,0.26
4/3/2020,74,46,60,0.84
4/4/2020,53,45,49,0.66
4/5/2020,67,51,59,0
4/6/2020,80,61,70.5,T
4/7/2020,89,70,79.5,0
4/8/2020,95,73,84,0
4/9/2020,93,66,79.5,0.19
4/10/2020,75,63,69,0
4/11/2020,76,61,68.5,0.02
4/12/2020,87,61,74,0.03
4/13/2020,65,45,55,0
4/14/2020,66,46,56,0
4/15/2020,70,43,56.5,0
4/16/2020,79,48,63.5,0
4/17/2020,74,56,65,0.03
4/18/2020,63,55,59,T
4/19/2020,94,60,77,0.02
4/20/2020,87,61,74,0
4/21/2020,87,67,77,0
4/22/2020,81,71,76,0.12
4/23/2020,90,59,74.5,0
4/24/2020,98,61,79.5,0
4/25/2020,81,60,70.5,0
4/26/2020,87,54,70.5,0
4/27/2020,90,61,75.5,0
4/28/2020,93,74,83.5,T
4/29/2020,85,59,72,0.71
4/30/2020,89,55,72,0
5/1/2020,90,61,75.5,0
5/2/2020,93,69,81,0
5/3/2020,95,70,82.5,0
5/4/2020,97,72,84.5,0
5/5/2020,86,71,78.5,T
5/6/2020,87,66,76.5,0
5/7/2020,84,57,70.5,0
5/8/2020,86,64,75,0
5/9/2020,79,61,70,0
5/10/2020,82,55,68.5,0
5/11/2020,86,59,72.5,0
5/12/2020,74,66,70,2.37
5/13/2020,89,64,76.5,0.01
5/14/2020,93,72,82.5,0
5/15/2020,92,65,78.5,2.19
5/16/2020,84,63,73.5,0.63
5/17/2020,92,66,79,0
5/18/2020,95,64,79.5,0
5/19/2020,97,70,83.5,0
5/20/2020,95,75,85,0
5/21/2020,93,71,82,0.04
5/22/2020,95,73,84,0.05
5/23/2020,93,74,83.5,0.02
5/24/2020,95,67,81,0.97
5/25/2020,80,66,73,0.73
5/26/2020,86,65,75.5,0.2
5/27/2020,91,62,76.5,0.63
5/28/2020,90,63,76.5,0
5/29/2020,89,70,79.5,0
5/30/2020,89,63,76,0
5/31/2020,85,74,79.5,T
6/1/2020,84,72,78,0
6/2/2020,90,72,81,0.01
6/3/2020,93,73,83,0
6/4/2020,94,74,84,0
6/5/2020,94,76,85,0
6/6/2020,96,74,85,0
6/7/2020,96,76,86,0
6/8/2020,99,74,86.5,0
6/9/2020,100,77,88.5,0
6/10/2020,94,68,81,0
6/11/2020,96,64,80,0
6/12/2020,94,63,78.5,0
6/13/2020,94,67,80.5,0
6/14/2020,94,66,80,0
6/15/2020,96,72,84,T
6/16/2020,95,75,85,0
6/17/2020,96,71,83.5,0
6/18/2020,97,73,85,T
6/19/2020,97,77,87,0
6/20/2020,94,70,82,1.25
6/21/2020,96,77,86.5,T
6/22/2020,94,79,86.5,0
6/23/2020,93,71,82,0.58
6/24/2020,86,74,80,0.02
6/25/2020,94,71,82.5,0
6/26/2020,86,71,78.5,0.61
6/27/2020,93,77,85,0
6/28/2020,88,76,82,0.2
6/29/2020,90,78,84,0
6/30/2020,93,80,86.5,0
7/1/2020,95,80,87.5,0
7/2/2020,98,80,89,0
7/3/2020,99,76,87.5,0
7/4/2020,100,74,87,0
7/5/2020,100,75,87.5,0
7/6/2020,94,78,86,T
7/7/2020,100,81,90.5,T
7/8/2020,99,80,89.5,0
7/9/2020,101,80,90.5,0
7/10/2020,102,79,90.5,0
7/11/2020,104,78,91,0
7/12/2020,105,78,91.5,0
7/13/2020,108,79,93.5,0
7/14/2020,106,77,91.5,0
7/15/2020,103,78,90.5,0
7/16/2020,102,77,89.5,0
7/17/2020,102,78,90,0
7/18/2020,98,76,87,0
7/19/2020,99,76,87.5,0
7/20/2020,100,77,88.5,0
7/21/2020,97,78,87.5,0
7/22/2020,100,79,89.5,0
7/23/2020,101,79,90,0
7/24/2020,100,81,90.5,0
7/25/2020,94,75,84.5,0.14
7/26/2020,97,76,86.5,0.04
7/27/2020,98,77,87.5,0
7/28/2020,102,76,89,T
7/29/2020,102,75,88.5,0
7/30/2020,101,77,89,0
7/31/2020,102,74,88,0.47
8/1/2020,99,74,86.5,0
8/2/2020,101,74,87.5,T
8/3/2020,103,73,88,T
8/4/2020,102,75,88.5,T
8/5/2020,103,76,89.5,0
8/6/2020,103,77,90,0
8/7/2020,103,77,90,0
8/8/2020,104,77,90.5,0
8/9/2020,103,78,90.5,0
8/10/2020,103,79,91,0
8/11/2020,104,79,91.5,0
8/12/2020,106,79,92.5,0
8/13/2020,104,79,91.5,0
8/14/2020,107,78,92.5,0
8/15/2020,107,79,93,0
8/16/2020,106,79,92.5,0
8/17/2020,101,76,88.5,0
8/18/2020,104,75,89.5,0
8/19/2020,104,73,88.5,0
8/20/2020,101,71,86,0
8/21/2020,104,77,90.5,0
8/22/2020,93,68,80.5,1.25
8/23/2020,97,70,83.5,0
8/24/2020,100,75,87.5,0
8/25/2020,101,75,88,0
8/26/2020,97,79,88,0
8/27/2020,101,76,88.5,0
8/28/2020,106,81,93.5,0
8/29/2020,105,79,92,0
8/30/2020,103,79,91,0
8/31/2020,104,83,93.5,0
9/1/2020,100,83,91.5,T
9/2/2020,85,73,79,0.16
9/3/2020,94,72,83,1.43
9/4/2020,83,72,77.5,1.48
9/5/2020,92,74,83,0
9/6/2020,94,73,83.5,0
9/7/2020,97,73,85,0
9/8/2020,91,77,84,T
9/9/2020,81,60,70.5,2.29
9/10/2020,67,58,62.5,0.06
9/11/2020,87,63,75,0
9/12/2020,93,68,80.5,0
9/13/2020,94,75,84.5,0
9/14/2020,92,74,83,0
9/15/2020,93,74,83.5,0
9/16/2020,94,74,84,0
9/17/2020,90,74,82,0
9/18/2020,89,71,80,0
9/19/2020,85,69,77,0
9/20/2020,86,64,75,0.16
9/21/2020,73,68,70.5,0.18
9/22/2020,75,69,72,0.2
9/23/2020,77,70,73.5,0
9/24/2020,82,65,73.5,0
9/25/2020,89,61,75,0
9/26/2020,91,68,79.5,0
9/27/2020,93,76,84.5,0
9/28/2020,81,64,72.5,T
9/29/2020,85,56,70.5,0
9/30/2020,90,53,71.5,0
10/1/2020,91,56,73.5,0
10/2/2020,85,59,72,0
10/3/2020,87,59,73,0
10/4/2020,91,61,76,0
10/5/2020,87,64,75.5,0
10/6/2020,88,64,76,0
10/7/2020,92,63,77.5,0
10/8/2020,88,61,74.5,0
10/9/2020,90,72,81,0
10/10/2020,96,66,81,0
10/11/2020,99,68,83.5,0
10/12/2020,89,65,77,0
10/13/2020,91,57,74,0
10/14/2020,93,60,76.5,0
10/15/2020,91,67,79,0
10/16/2020,77,57,67,0
10/17/2020,81,61,71,0.01
10/18/2020,93,73,83,0
10/19/2020,93,73,83,0
10/20/2020,93,75,84,0
10/21/2020,91,74,82.5,0
10/22/2020,91,73,82,T
10/23/2020,85,55,70,T
10/24/2020,67,53,60,T
10/25/2020,86,55,70.5,0
10/26/2020,75,42,58.5,0.12
10/27/2020,43,40,41.5,0.04
10/28/2020,62,39,50.5,0.18
10/29/2020,64,40,52,0
10/30/2020,73,45,59,0
10/31/2020,79,41,60,0
11/1/2020,79,50,64.5,0
11/2/2020,78,47,62.5,0
11/3/2020,81,43,62,0
11/4/2020,82,48,65,0
11/5/2020,83,57,70,0
11/6/2020,82,63,72.5,0
11/7/2020,82,54,68,0
11/8/2020,84,59,71.5,0
11/9/2020,86,66,76,0
11/10/2020,81,64,72.5,0
11/11/2020,84,59,71.5,0
11/12/2020,85,63,74,0
11/13/2020,84,65,74.5,0
11/14/2020,87,71,79,T
11/15/2020,74,52,63,0
11/16/2020,76,43,59.5,0
11/17/2020,78,41,59.5,0
11/18/2020,81,43,62,0
11/19/2020,83,59,71,0
11/20/2020,84,63,73.5,0
11/21/2020,81,65,73,0
11/22/2020,83,57,70,T
11/23/2020,68,52,60,0
11/24/2020,84,59,71.5,0.04
11/25/2020,74,50,62,T
11/26/2020,78,45,61.5,0
11/27/2020,71,60,65.5,0.02
11/28/2020,61,51,56,0.65
11/29/2020,57,46,51.5,0.02
11/30/2020,58,33,45.5,0
12/1/2020,64,30,47,0
12/2/2020,66,44,55,T
12/3/2020,59,40,49.5,0
12/4/2020,60,36,48,0
12/5/2020,54,36,45,0.01
12/6/2020,68,42,55,0
12/7/2020,72,41,56.5,0
12/8/2020,79,43,61,0
12/9/2020,82,46,64,0
12/10/2020,78,44,61,0
12/11/2020,71,57,64,0.06
12/12/2020,64,48,56,0
12/13/2020,69,42,55.5,T
12/14/2020,52,36,44,0
12/15/2020,59,40,49.5,0
12/16/2020,58,36,47,0
12/17/2020,66,30,48,0
12/18/2020,64,38,51,T
12/19/2020,69,44,56.5,0.77
12/20/2020,69,42,55.5,0
12/21/2020,75,40,57.5,0
12/22/2020,75,43,59,0
12/23/2020,82,47,64.5,0
12/24/2020,57,34,45.5,0
12/25/2020,71,41,56,0
12/26/2020,71,35,53,0
12/27/2020,77,47,62,0
12/28/2020,75,56,65.5,T
12/29/2020,77,63,70,T
12/30/2020,75,44,59.5,1.45
12/31/2020,44,37,40.5,1.78
1/1/2021,53,37,45,0
1/2/2021,64,37,50.5,0
1/3/2021,72,37,54.5,0
1/4/2021,78,39,58.5,0
1/5/2021,73,44,58.5,0
1/6/2021,71,49,60,0.03
1/7/2021,63,42,52.5,0
1/8/2021,54,37,45.5,0
1/9/2021,54,32,43,0.01
1/10/2021,45,34,39.5,1.07
1/11/2021,50,32,41,0
1/12/2021,53,31,42,0
1/13/2021,67,32,49.5,0
1/14/2021,69,38,53.5,0
1/15/2021,60,39,49.5,0
1/16/2021,65,37,51,0
1/17/2021,69,39,54,0
1/18/2021,75,37,56,T
1/19/2021,69,50,59.5,0.35
1/20/2021,55,48,51.5,0.06
1/21/2021,66,50,58,T
1/22/2021,78,52,65,0.01
1/23/2021,61,50,55.5,0.01
1/24/2021,71,60,65.5,0.03
1/25/2021,76,49,62.5,0.06
1/26/2021,73,46,59.5,0
1/27/2021,65,45,55,0
1/28/2021,56,38,47,0
1/29/2021,69,36,52.5,0
1/30/2021,80,53,66.5,T
1/31/2021,69,49,59,0
2/1/2021,67,41,54,0
2/2/2021,69,40,54.5,0
2/3/2021,77,45,61,0
2/4/2021,85,55,70,0
2/5/2021,61,44,52.5,0.06
2/6/2021,75,48,61.5,0
2/7/2021,70,40,55,0
2/8/2021,76,51,63.5,0
2/9/2021,64,46,55,T
2/10/2021,46,37,41.5,0.04
2/11/2021,37,31,34,0.45
2/12/2021,33,29,31,0
2/13/2021,31,26,28.5,0
2/14/2021,30,13,21.5,0.2
2/15/2021,25,8,16.5,0.52
2/16/2021,26,7,16.5,0.02
2/17/2021,32,24,28,0.54
2/18/2021,33,24,28.5,0.01
2/19/2021,43,21,32,0
2/20/2021,62,26,44,0
2/21/2021,76,44,60,0
2/22/2021,76,42,59,0
2/23/2021,79,47,63,0
2/24/2021,86,64,75,0
2/25/2021,66,51,58.5,0.04
2/26/2021,60,47,53.5,0.02
2/27/2021,79,58,68.5,0.01
2/28/2021,74,58,66,T
3/1/2021,58,48,53,0.14
3/2/2021,67,45,56,0
3/3/2021,73,38,55.5,0
3/4/2021,77,45,61,0
3/5/2021,80,57,68.5,0
3/6/2021,69,49,59,0
3/7/2021,71,41,56,0
3/8/2021,74,45,59.5,0
3/9/2021,77,57,67,0
3/10/2021,83,64,73.5,0
3/11/2021,82,69,75.5,T
3/12/2021,81,69,75,T
3/13/2021,77,68,72.5,0.13
3/14/2021,78,53,65.5,0.01
3/15/2021,87,47,67,0
3/16/2021,83,67,75,T
3/17/2021,77,54,65.5,0.01
3/18/2021,73,47,60,0
3/19/2021,71,46,58.5,0
3/20/2021,73,43,58,0
3/21/2021,76,50,63,0
3/22/2021,73,57,65,0.27
3/23/2021,82,54,68,0.04
3/24/2021,72,54,63,T
3/25/2021,75,55,65,0.49
3/26/2021,84,48,66,0
3/27/2021,87,66,76.5,0
3/28/2021,76,54,65,0
3/29/2021,78,45,61.5,0
3/30/2021,80,60,70,T
3/31/2021,73,56,64.5,0.02
4/1/2021,72,43,57.5,0
4/2/2021,73,44,58.5,0
4/3/2021,66,52,59,0.35
4/4/2021,75,56,65.5,T
4/5/2021,83,59,71,0
4/6/2021,87,67,77,T
4/7/2021,89,62,75.5,0
4/8/2021,92,53,72.5,0
4/9/2021,92,69,80.5,0
4/10/2021,82,59,70.5,0
4/11/2021,90,48,69,0
4/12/2021,90,66,78,0
4/13/2021,84,71,77.5,0
4/14/2021,84,70,77,T
4/15/2021,73,61,67,0.07
4/16/2021,69,60,64.5,0.04
4/17/2021,66,53,59.5,0
4/18/2021,70,51,60.5,0
4/19/2021,77,49,63,0
4/20/2021,85,51,68,0
4/21/2021,68,44,56,0
4/22/2021,67,52,59.5,0.01
4/23/2021,72,62,67,0.83
4/24/2021,84,61,72.5,0
4/25/2021,89,56,72.5,0
4/26/2021,87,68,77.5,0
4/27/2021,80,69,74.5,T
4/28/2021,85,74,79.5,0.05
4/29/2021,75,68,71.5,0.71
4/30/2021,75,66,70.5,1.37
5/1/2021,76,65,70.5,1.44
5/2/2021,89,61,75,0
5/3/2021,94,73,83.5,0
5/4/2021,84,67,75.5,0
5/5/2021,82,58,70,0
5/6/2021,89,58,73.5,0
5/7/2021,87,60,73.5,0
5/8/2021,91,68,79.5,0
5/9/2021,90,74,82,0.01
5/10/2021,80,63,71.5,T
5/11/2021,76,62,69,0.26
5/12/2021,75,60,67.5,T
5/13/2021,75,60,67.5,0
5/14/2021,85,58,71.5,0
5/15/2021,80,67,73.5,T
5/16/2021,82,70,76,1.09
5/17/2021,82,66,74,0.39
5/18/2021,79,66,72.5,0.53
5/19/2021,73,64,68.5,0
5/20/2021,86,63,74.5,0
5/21/2021,87,69,78,T
5/22/2021,81,72,76.5,0.65
5/23/2021,74,70,72,0.17
5/24/2021,88,70,79,0.12
5/25/2021,91,72,81.5,0.01
5/26/2021,91,68,79.5,0.12
5/27/2021,90,75,82.5,0
5/28/2021,88,66,77,1.33
5/29/2021,88,66,77,T
5/30/2021,88,69,78.5,0.48
5/31/2021,86,69,77.5,0.63
6/1/2021,87,68,77.5,0.6
6/2/2021,89,64,76.5,0.84
6/3/2021,73,64,68.5,0.96
6/4/2021,85,68,76.5,0.17
6/5/2021,83,69,76,0.04
6/6/2021,91,69,80,0
6/7/2021,91,78,84.5,0
6/8/2021,93,78,85.5,0.04
6/9/2021,95,77,86,0
6/10/2021,94,77,85.5,0
6/11/2021,93,78,85.5,0
6/12/2021,95,76,85.5,0
6/13/2021,99,75,87,0
6/14/2021,100,76,88,0
6/15/2021,99,75,87,0
6/16/2021,97,73,85,0
6/17/2021,97,74,85.5,0
6/18/2021,94,76,85,0
6/19/2021,96,70,83,0
6/20/2021,95,76,85.5,0
6/21/2021,96,81,88.5,T
6/22/2021,89,73,81,0.01
6/23/2021,98,79,88.5,0.01
6/24/2021,98,78,88,0
6/25/2021,97,78,87.5,0
6/26/2021,98,78,88,0
6/27/2021,92,76,84,0.12
6/28/2021,91,74,82.5,T
6/29/2021,88,74,81,0.78
6/30/2021,93,75,84,0.02
7/1/2021,96,74,85,0.02
7/2/2021,97,76,86.5,0
7/3/2021,93,76,84.5,0
7/4/2021,86,75,80.5,1.3
7/5/2021,85,75,80,1.1
7/6/2021,90,75,82.5,0.52
7/7/2021,88,73,80.5,T
7/8/2021,89,74,81.5,0.2
7/9/2021,81,75,78,0.23
7/10/2021,94,75,84.5,0.52
7/11/2021,91,77,84,0
7/12/2021,88,75,81.5,0
7/13/2021,91,72,81.5,0.03
7/14/2021,93,72,82.5,0.03
7/15/2021,93,76,84.5,0
7/16/2021,94,76,85,0
7/17/2021,94,77,85.5,0
7/18/2021,95,74,84.5,0
7/19/2021,97,75,86,0.06
7/20/2021,92,73,82.5,T
7/21/2021,93,73,83,0.03
7/22/2021,94,71,82.5,T
7/23/2021,95,74,84.5,0.01
7/24/2021,98,77,87.5,0
7/25/2021,100,75,87.5,0
7/26/2021,99,74,86.5,0
7/27/2021,98,75,86.5,0
7/28/2021,97,78,87.5,0
7/29/2021,98,76,87,T
7/30/2021,97,75,86,0
7/31/2021,98,77,87.5,0
8/1/2021,101,78,89.5,T
8/2/2021,86,74,80,0.81
8/3/2021,93,75,84,T
8/4/2021,92,74,83,0
8/5/2021,86,77,81.5,0.03
8/6/2021,92,75,83.5,0.1
8/7/2021,96,76,86,0
8/8/2021,98,78,88,0
8/9/2021,99,79,89,0
8/10/2021,99,77,88,0
8/11/2021,99,77,88,0
8/12/2021,99,77,88,0
8/13/2021,99,76,87.5,0
8/14/2021,99,76,87.5,0
8/15/2021,94,72,83,2.4
8/16/2021,94,71,82.5,0
8/17/2021,93,75,84,T
8/18/2021,95,80,87.5,T
8/19/2021,97,80,88.5,0
8/20/2021,95,78,86.5,0
8/21/2021,98,78,88,0
8/22/2021,98,75,86.5,0
8/23/2021,97,74,85.5,0
8/24/2021,98,76,87,0
8/25/2021,98,76,87,0
8/26/2021,100,77,88.5,0
8/27/2021,90,76,83,0.06
8/28/2021,94,75,84.5,0.2
8/29/2021,96,76,86,0
8/30/2021,96,75,85.5,0
8/31/2021,100,75,87.5,0
9/1/2021,100,78,89,0
9/2/2021,99,79,89,T
9/3/2021,99,78,88.5,0
9/4/2021,100,77,88.5,0
9/5/2021,102,75,88.5,0
9/6/2021,100,74,87,0.1
9/7/2021,97,72,84.5,0
9/8/2021,101,69,85,0
9/9/2021,97,69,83,0
9/10/2021,96,67,81.5,0
9/11/2021,93,65,79,0
9/12/2021,94,69,81.5,0
9/13/2021,91,75,83,0
9/14/2021,88,73,80.5,0
9/15/2021,93,74,83.5,0
9/16/2021,95,70,82.5,0
9/17/2021,99,70,84.5,0
9/18/2021,99,72,85.5,0
9/19/2021,101,73,87,0
9/20/2021,102,75,88.5,0
9/21/2021,95,77,86,0
9/22/2021,87,64,75.5,0
9/23/2021,89,58,73.5,0
9/24/2021,89,60,74.5,0
9/25/2021,90,61,75.5,0
9/26/2021,92,61,76.5,0
9/27/2021,94,65,79.5,0
9/28/2021,98,68,83,1.42
9/29/2021,90,68,79,0.27
9/30/2021,94,74,84,0
10/1/2021,88,68,78,0.97
10/2/2021,88,76,82,T
10/3/2021,90,70,80,0
10/4/2021,92,65,78.5,0
10/5/2021,91,64,77.5,0
10/6/2021,90,60,75,0
10/7/2021,91,65,78,0
10/8/2021,91,66,78.5,0
10/9/2021,89,65,77,0
10/10/2021,92,64,78,0.56
10/11/2021,84,62,73,0.05
10/12/2021,88,69,78.5,0.04
10/13/2021,89,68,78.5,2.45
10/14/2021,79,68,73.5,0.47
10/15/2021,91,65,78,0
10/16/2021,75,54,64.5,0
10/17/2021,75,50,62.5,0
10/18/2021,78,49,63.5,0
10/19/2021,84,58,71,0
10/20/2021,85,67,76,0
10/21/2021,86,64,75,0
10/22/2021,87,65,76,0
10/23/2021,89,70,79.5,0
10/24/2021,87,70,78.5,T
10/25/2021,90,70,80,0
10/26/2021,87,72,79.5,0
10/27/2021,78,55,66.5,0.76
10/28/2021,79,56,67.5,0
10/29/2021,76,52,64,0
10/30/2021,82,51,66.5,0
10/31/2021,84,52,68,0
11/1/2021,82,53,67.5,0
11/2/2021,79,60,69.5,T
11/3/2021,65,50,57.5,1.73
11/4/2021,62,45,53.5,0
11/5/2021,66,41,53.5,0
11/6/2021,71,42,56.5,0
11/7/2021,75,45,60,0
11/8/2021,78,51,64.5,0
11/9/2021,79,57,68,0
11/10/2021,81,63,72,0
11/11/2021,75,51,63,0
11/12/2021,79,45,62,0
11/13/2021,71,46,58.5,0
11/14/2021,80,48,64,0
11/15/2021,82,58,70,0
11/16/2021,82,65,73.5,0
11/17/2021,83,63,73,0
11/18/2021,66,52,59,0
11/19/2021,67,43,55,0
11/20/2021,75,49,62,0
11/21/2021,78,59,68.5,T
11/22/2021,71,45,58,0
11/23/2021,71,39,55,0
11/24/2021,78,53,65.5,0.07
11/25/2021,69,50,59.5,T
11/26/2021,57,44,50.5,0
11/27/2021,52,47,49.5,0.6
11/28/2021,72,46,59,0
11/29/2021,73,45,59,0
11/30/2021,75,48,61.5,0
12/1/2021,76,50,63,0
12/2/2021,81,52,66.5,0
12/3/2021,75,62,68.5,0.03
12/4/2021,78,64,71,0
12/5/2021,80,67,73.5,T
12/6/2021,73,47,60,T
12/7/2021,69,40,54.5,0
12/8/2021,79,45,62,0
12/9/2021,79,62,70.5,0
12/10/2021,85,71,78,0.01
12/11/2021,72,40,56,0
12/12/2021,62,33,47.5,0
12/13/2021,65,44,54.5,0
12/14/2021,77,58,67.5,0.01
12/15/2021,81,69,75,T
12/16/2021,79,71,75,T
12/17/2021,79,71,75,T
12/18/2021,72,46,59,1.63
12/19/2021,56,40,48,0.01
12/20/2021,60,43,51.5,0
12/21/2021,68,38,53,0
12/22/2021,75,49,62,0
12/23/2021,71,55,63,0
12/24/2021,78,61,69.5,0
12/25/2021,79,62,70.5,0
12/26/2021,76,60,68,0
12/27/2021,79,67,73,0
12/28/2021,75,62,68.5,T
12/29/2021,82,59,70.5,0
12/30/2021,82,57,69.5,0
12/31/2021,83,66,74.5,0
1/1/2022,78,38,58,T
1/2/2022,48,25,36.5,0
1/3/2022,57,28,42.5,0
1/4/2022,67,36,51.5,0
1/5/2022,74,42,58,0
1/6/2022,56,34,45,0
1/7/2022,42,28,35,0.02
1/8/2022,63,42,52.5,0.12
1/9/2022,64,48,56,0
1/10/2022,59,41,50,0
1/11/2022,51,41,46,T
1/12/2022,66,43,54.5,0
1/13/2022,75,40,57.5,0
1/14/2022,78,43,60.5,0
1/15/2022,64,41,52.5,0
1/16/2022,63,34,48.5,0
1/17/2022,68,34,51,0
1/18/2022,75,44,59.5,0
1/19/2022,81,42,61.5,0
1/20/2022,42,32,37,T
1/21/2022,50,28,39,0
1/22/2022,55,28,41.5,0
1/23/2022,58,42,50,0
1/24/2022,53,44,48.5,0.13
1/25/2022,53,46,49.5,0
1/26/2022,55,42,48.5,0
1/27/2022,61,41,51,0
1/28/2022,60,38,49,T
1/29/2022,68,36,52,0
1/30/2022,71,36,53.5,0
1/31/2022,59,52,55.5,1.94
2/1/2022,66,53,59.5,0
2/2/2022,60,37,48.5,1.26
2/3/2022,37,22,29.5,1.55
2/4/2022,42,21,31.5,0
2/5/2022,52,26,39,0
2/6/2022,59,29,44,0
2/7/2022,62,37,49.5,0
2/8/2022,68,35,51.5,0
2/9/2022,75,41,58,0
2/10/2022,75,40,57.5,0
2/11/2022,77,48,62.5,0
2/12/2022,58,35,46.5,0.04
2/13/2022,67,30,48.5,0
2/14/2022,71,36,53.5,0
2/15/2022,75,42,58.5,0
2/16/2022,77,61,69,T
2/17/2022,72,36,54,0.01
2/18/2022,60,32,46,0
2/19/2022,66,32,49,0
2/20/2022,73,41,57,0
2/21/2022,85,62,73.5,0
2/22/2022,88,48,68,0
2/23/2022,48,29,38.5,T
2/24/2022,36,28,32,0
2/25/2022,39,31,35,T
2/26/2022,41,36,38.5,0.04
2/27/2022,62,37,49.5,0
2/28/2022,68,33,50.5,0
3/1/2022,74,35,54.5,0
3/2/2022,76,42,59,0
3/3/2022,80,51,65.5,0
3/4/2022,79,61,70,0
3/5/2022,82,65,73.5,0
3/6/2022,82,69,75.5,0
3/7/2022,73,43,58,0.05
3/8/2022,55,42,48.5,0.01
3/9/2022,62,36,49,0
3/10/2022,74,38,56,0
3/11/2022,63,37,50,0.04
3/12/2022,58,28,43,0
3/13/2022,68,33,50.5,0
3/14/2022,82,50,66,0
3/15/2022,78,53,65.5,0
3/16/2022,84,44,64,0
3/17/2022,72,55,63.5,0
3/18/2022,75,50,62.5,0
3/19/2022,80,43,61.5,0
3/20/2022,80,48,64,0
3/21/2022,80,59,69.5,0.58
3/22/2022,66,50,58,0.02
3/23/2022,71,44,57.5,0
3/24/2022,77,45,61,0
3/25/2022,86,42,64,0
3/26/2022,91,54,72.5,0
3/27/2022,88,58,73,0
3/28/2022,87,58,72.5,0
3/29/2022,80,68,74,0
3/30/2022,80,57,68.5,0.29
3/31/2022,79,45,62,0
4/1/2022,82,49,65.5,0
4/2/2022,88,59,73.5,0
4/3/2022,87,53,70,0
4/4/2022,80,66,73,0
4/5/2022,96,71,83.5,0
4/6/2022,81,63,72,0
4/7/2022,78,50,64,0
4/8/2022,79,48,63.5,0
4/9/2022,88,44,66,0
4/10/2022,88,60,74,0
4/11/2022,84,68,76,0.04
4/12/2022,92,72,82,0
4/13/2022,95,68,81.5,0.01
4/14/2022,83,57,70,0
4/15/2022,83,64,73.5,0
4/16/2022,83,72,77.5,0
4/17/2022,88,65,76.5,0
4/18/2022,79,62,70.5,0
4/19/2022,71,56,63.5,0.02
4/20/2022,86,67,76.5,0.01
4/21/2022,80,73,76.5,T
4/22/2022,91,71,81,T
4/23/2022,89,70,79.5,0
4/24/2022,91,70,80.5,0.01
4/25/2022,75,60,67.5,1.55
4/26/2022,77,55,66,0.06
4/27/2022,78,61,69.5,0
4/28/2022,88,69,78.5,0
4/29/2022,86,70,78,T
4/30/2022,91,73,82,0.02
5/1/2022,87,69,78,0.05
5/2/2022,85,70,77.5,0
5/3/2022,93,75,84,0.01
5/4/2022,92,73,82.5,0.07
5/5/2022,88,67,77.5,0.38
5/6/2022,95,60,77.5,0
5/7/2022,97,73,85,0
5/8/2022,98,74,86,0
5/9/2022,97,76,86.5,0
5/10/2022,94,76,85,0
5/11/2022,94,74,84,0
5/12/2022,94,70,82,0
5/13/2022,92,68,80,0
5/14/2022,97,71,84,0
5/15/2022,97,70,83.5,0
5/16/2022,99,73,86,0
5/17/2022,99,71,85,0
5/18/2022,98,72,85,0
5/19/2022,98,72,85,0
5/20/2022,97,76,86.5,0
5/21/2022,100,69,84.5,0.32
5/22/2022,84,63,73.5,0.01
5/23/2022,89,67,78,T
5/24/2022,89,61,75,1
5/25/2022,84,62,73,0.19
5/26/2022,98,58,78,0
5/27/2022,98,71,84.5,0
5/28/2022,97,72,84.5,0
5/29/2022,98,74,86,0
5/30/2022,97,76,86.5,0
5/31/2022,99,76,87.5,0
6/1/2022,97,77,87,T
6/2/2022,92,73,82.5,0
6/3/2022,93,72,82.5,T
6/4/2022,93,68,80.5,0.6
6/5/2022,99,71,85,0
6/6/2022,103,76,89.5,0
6/7/2022,103,77,90,0
6/8/2022,101,76,88.5,0
6/9/2022,101,76,88.5,0
6/10/2022,103,77,90,0
6/11/2022,104,77,90.5,0
6/12/2022,105,77,91,0
6/13/2022,102,77,89.5,0
6/14/2022,101,78,89.5,0
6/15/2022,98,79,88.5,0
6/16/2022,103,76,89.5,0
6/17/2022,100,75,87.5,0
6/18/2022,100,75,87.5,0
6/19/2022,102,75,88.5,0
6/20/2022,103,74,88.5,0
6/21/2022,101,78,89.5,0
6/22/2022,101,76,88.5,0
6/23/2022,104,77,90.5,0
6/24/2022,103,76,89.5,0
6/25/2022,103,75,89,0
6/26/2022,103,74,88.5,0
6/27/2022,102,70,86,1.68
6/28/2022,94,72,83,0
6/29/2022,99,69,84,0
6/30/2022,99,76,87.5,0
7/1/2022,97,75,86,0
7/2/2022,101,79,90,0
7/3/2022,101,78,89.5,0
7/4/2022,101,77,89,0
7/5/2022,101,78,89.5,0
7/6/2022,102,77,89.5,0
7/7/2022,102,77,89.5,0
7/8/2022,104,79,91.5,0
7/9/2022,106,79,92.5,0
7/10/2022,110,78,94,0
7/11/2022,109,80,94.5,0
7/12/2022,109,79,94,0
7/13/2022,108,80,94,0
7/14/2022,103,76,89.5,T
7/15/2022,99,75,87,0
7/16/2022,102,76,89,0
7/17/2022,104,76,90,0
7/18/2022,106,77,91.5,0
7/19/2022,106,77,91.5,0
7/20/2022,106,77,91.5,0
7/21/2022,105,78,91.5,0
7/22/2022,103,77,90,0
7/23/2022,104,78,91,0
7/24/2022,105,78,91.5,0
7/25/2022,104,77,90.5,0
7/26/2022,104,76,90,0
7/27/2022,103,77,90,0
7/28/2022,103,76,89.5,0
7/29/2022,104,78,91,0
7/30/2022,104,77,90.5,0
7/31/2022,103,78,90.5,0
8/1/2022,103,77,90,0
8/2/2022,105,77,91,0
8/3/2022,106,78,92,0
8/4/2022,106,79,92.5,0
8/5/2022,104,78,91,0
8/6/2022,99,79,89,T
8/7/2022,102,78,90,0
8/8/2022,102,78,90,0
8/9/2022,102,76,89,0
8/10/2022,104,78,91,T
8/11/2022,102,77,89.5,0
8/12/2022,104,76,90,T
8/13/2022,102,78,90,0
8/14/2022,94,78,86,0
8/15/2022,102,76,89,T
8/16/2022,101,77,89,0
8/17/2022,103,78,90.5,0
8/18/2022,103,73,88,0.66
8/19/2022,95,73,84,0.31
8/20/2022,101,77,89,T
8/21/2022,95,78,86.5,T
8/22/2022,98,73,85.5,3.73
8/23/2022,92,73,82.5,0.1
8/24/2022,94,74,84,0.03
8/25/2022,97,74,85.5,0
8/26/2022,98,75,86.5,0
8/27/2022,99,76,87.5,0.03
8/28/2022,98,77,87.5,0
8/29/2022,99,78,88.5,0
8/30/2022,87,75,81,0.31
8/31/2022,92,71,81.5,0.55
9/1/2022,94,73,83.5,0
9/2/2022,95,74,84.5,0
9/3/2022,90,74,82,0.03
9/4/2022,92,71,81.5,0.07
9/5/2022,94,67,80.5,0
9/6/2022,96,71,83.5,0
9/7/2022,95,72,83.5,0.37
9/8/2022,95,71,83,0
9/9/2022,94,71,82.5,0
9/10/2022,95,74,84.5,0
9/11/2022,92,72,82,0
9/12/2022,92,69,80.5,0
9/13/2022,94,72,83,0
9/14/2022,93,72,82.5,0
9/15/2022,92,66,79,0
9/16/2022,96,75,85.5,0
9/17/2022,98,77,87.5,0
9/18/2022,97,75,86,0
9/19/2022,98,76,87,0
9/20/2022,98,76,87,0
9/21/2022,98,73,85.5,0
9/22/2022,99,70,84.5,0
9/23/2022,98,72,85,0
9/24/2022,95,71,83,0
9/25/2022,97,73,85,0
9/26/2022,93,68,80.5,0
9/27/2022,92,61,76.5,0
9/28/2022,92,64,78,0
9/29/2022,94,61,77.5,0
9/30/2022,89,63,76,0
10/1/2022,89,56,72.5,0
10/2/2022,86,55,70.5,0
10/3/2022,90,58,74,0
10/4/2022,92,61,76.5,0
10/5/2022,90,59,74.5,0
10/6/2022,92,63,77.5,0
10/7/2022,88,67,77.5,0
10/8/2022,90,62,76,0
10/9/2022,90,65,77.5,0
10/10/2022,90,64,77,0
10/11/2022,90,65,77.5,0
10/12/2022,98,72,85,T
10/13/2022,90,71,80.5,0
10/14/2022,91,64,77.5,0
10/15/2022,95,73,84,0
10/16/2022,93,66,79.5,0.58
10/17/2022,76,60,68,0.15
10/18/2022,70,49,59.5,0
10/19/2022,76,42,59,0
10/20/2022,87,50,68.5,0
10/21/2022,88,56,72,0
10/22/2022,89,64,76.5,0
10/23/2022,89,68,78.5,0
10/24/2022,86,61,73.5,0.86
10/25/2022,77,50,63.5,0
10/26/2022,76,46,61,0
10/27/2022,82,51,66.5,T
10/28/2022,66,58,62,0.56
10/29/2022,72,56,64,0
10/30/2022,78,52,65,0
10/31/2022,79,54,66.5,0.03
11/1/2022,70,56,63,0.02
11/2/2022,78,60,69,0
11/3/2022,84,70,77,T
11/4/2022,86,62,74,0.52
11/5/2022,72,50,61,0
11/6/2022,84,53,68.5,0
11/7/2022,84,74,79,0.01
11/8/2022,78,66,72,0.05
11/9/2022,82,69,75.5,T
11/10/2022,82,67,74.5,T
11/11/2022,79,44,61.5,1
11/12/2022,58,38,48,0
11/13/2022,59,35,47,0
11/14/2022,54,48,51,0.11
11/15/2022,52,38,45,0
11/16/2022,57,41,49,0
11/17/2022,59,42,50.5,0
11/18/2022,56,48,52,0.01
11/19/2022,48,37,42.5,0.24
11/20/2022,47,38,42.5,0.02
11/21/2022,46,40,43,0.16
11/22/2022,55,45,50,0.03
11/23/2022,64,52,58,0.32
11/24/2022,68,60,64,0.26
11/25/2022,62,56,59,0.32
11/26/2022,61,45,53,1.07
11/27/2022,73,47,60,0
11/28/2022,77,41,59,0
11/29/2022,84,65,74.5,0
11/30/2022,66,41,53.5,0
12/1/2022,53,37,45,0.01
12/2/2022,68,51,59.5,0.07
12/3/2022,66,54,60,0
12/4/2022,59,53,56,T
12/5/2022,78,56,67,0
12/6/2022,80,64,72,0
12/7/2022,82,69,75.5,0
12/8/2022,82,69,75.5,0
12/9/2022,80,65,72.5,0
12/10/2022,77,66,71.5,0.01
12/11/2022,67,60,63.5,0.01
12/12/2022,71,58,64.5,0.01
12/13/2022,78,62,70,0.03
12/14/2022,68,43,55.5,0.01
12/15/2022,65,36,50.5,0
12/16/2022,55,41,48,0
12/17/2022,59,38,48.5,0
12/18/2022,55,31,43,0
12/19/2022,50,43,46.5,1.8
12/20/2022,51,44,47.5,0
12/21/2022,49,39,44,0
12/22/2022,59,17,38,0
12/23/2022,32,15,23.5,0
12/24/2022,41,18,29.5,0
12/25/2022,54,24,39,0
12/26/2022,65,30,47.5,0
12/27/2022,59,32,45.5,0
12/28/2022,77,42,59.5,0
12/29/2022,77,59,68,0
12/30/2022,68,50,59,T
12/31/2022,78,42,60,0
1/1/2023,79,50,64.5,0
1/2/2023,83,69,76,0.03
1/3/2023,74,54,64,0.04
1/4/2023,74,42,58,0
1/5/2023,69,41,55,0
1/6/2023,79,44,61.5,0
1/7/2023,77,59,68,T
1/8/2023,69,47,58,0
1/9/2023,74,43,58.5,0
1/10/2023,84,57,70.5,0
1/11/2023,78,56,67,0
1/12/2023,69,50,59.5,0
1/13/2023,64,41,52.5,0
1/14/2023,66,34,50,0
1/15/2023,74,46,60,0
1/16/2023,78,58,68,0
1/17/2023,82,50,66,0
1/18/2023,77,57,67,T
1/19/2023,69,46,57.5,0
1/20/2023,58,50,54,0
1/21/2023,65,46,55.5,0.01
1/22/2023,62,42,52,0
1/23/2023,60,33,46.5,0
1/24/2023,55,42,48.5,0.82
1/25/2023,56,39,47.5,0
1/26/2023,58,35,46.5,0
1/27/2023,56,33,44.5,0
1/28/2023,60,48,54,0.08
1/29/2023,75,41,58,0.21
1/30/2023,41,30,35.5,0.01
1/31/2023,32,29,30.5,0.06
2/1/2023,32,29,30.5,1.04
2/2/2023,40,32,36,0.2
2/3/2023,50,32,41,0
2/4/2023,63,35,49,0
2/5/2023,75,41,58,0
2/6/2023,76,55,65.5,0
2/7/2023,70,50,60,0.35
2/8/2023,60,40,50,0.09
2/9/2023,75,40,57.5,0
2/10/2023,56,38,47,0
2/11/2023,60,35,47.5,0
2/12/2023,66,32,49,0
2/13/2023,71,42,56.5,T
2/14/2023,80,53,66.5,0.01
2/15/2023,81,48,64.5,0
2/16/2023,71,40,55.5,0.09
2/17/2023,54,33,43.5,0
2/18/2023,58,31,44.5,0
2/19/2023,77,46,61.5,0
2/20/2023,84,56,70,0
2/21/2023,84,60,72,0
2/22/2023,91,69,80,T
2/23/2023,79,57,68,0
2/24/2023,57,50,53.5,0
2/25/2023,65,45,55,0
2/26/2023,81,53,67,0
2/27/2023,83,56,69.5,0
2/28/2023,84,54,69,0
3/1/2023,85,70,77.5,T
3/2/2023,82,54,68,1.09
3/3/2023,74,50,62,0
3/4/2023,82,45,63.5,0
3/5/2023,80,53,66.5,0
3/6/2023,81,59,70,0
3/7/2023,82,66,74,T
3/8/2023,82,62,72,0
3/9/2023,86,60,73,T
3/10/2023,76,56,66,0
3/11/2023,90,62,76,0
3/12/2023,76,57,66.5,0
3/13/2023,69,50,59.5,0
3/14/2023,69,49,59,0
3/15/2023,76,49,62.5,0
3/16/2023,81,53,67,0.14
3/17/2023,59,41,50,0.06
3/18/2023,54,45,49.5,T
3/19/2023,61,39,50,0
3/20/2023,57,40,48.5,0.02
3/21/2023,69,52,60.5,0.22
3/22/2023,80,68,74,0
3/23/2023,84,71,77.5,0
3/24/2023,87,58,72.5,0.07
3/25/2023,83,51,67,0
3/26/2023,82,52,67,0
3/27/2023,80,58,69,0
3/28/2023,70,58,64,0
3/29/2023,74,55,64.5,0
3/30/2023,75,60,67.5,0.04
3/31/2023,90,61,75.5,0
4/1/2023,84,52,68,0
4/2/2023,86,63,74.5,0
4/3/2023,93,71,82,0
4/4/2023,91,73,82,T
4/5/2023,77,59,68,T
4/6/2023,61,47,54,1.97
4/7/2023,54,50,52,0.56
4/8/2023,62,53,57.5,T
4/9/2023,74,55,64.5,0
4/10/2023,74,55,64.5,0
4/11/2023,77,53,65,0
4/12/2023,79,51,65,0
4/13/2023,81,55,68,0
4/14/2023,81,61,71,T
4/15/2023,94,62,78,0
4/16/2023,76,56,66,0
4/17/2023,79,49,64,0
4/18/2023,80,62,71,0.01
4/19/2023,81,70,75.5,T
4/20/2023,88,65,76.5,0.24
4/21/2023,82,63,72.5,T
4/22/2023,81,57,69,0
4/23/2023,68,52,60,T
4/24/2023,71,54,62.5,0
4/25/2023,75,62,68.5,0.01
4/26/2023,86,64,75,0.85
4/27/2023,82,61,71.5,T
4/28/2023,86,57,71.5,0.54
4/29/2023,77,54,65.5,0
4/30/2023,91,52,71.5,0
5/1/2023,84,58,71,0
5/2/2023,82,68,75,0
5/3/2023,86,64,75,0
5/4/2023,85,68,76.5,0
5/5/2023,94,66,80,T
5/6/2023,91,67,79,0
5/7/2023,88,74,81,T
5/8/2023,93,72,82.5,0
5/9/2023,76,69,72.5,0.15
5/10/2023,82,67,74.5,0.05
5/11/2023,92,72,82,T
5/12/2023,88,75,81.5,T
5/13/2023,78,64,71,2.13
5/14/2023,86,65,75.5,0.02
5/15/2023,86,67,76.5,0.95
5/16/2023,85,67,76,T
5/17/2023,90,65,77.5,0
5/18/2023,91,65,78,0
5/19/2023,92,68,80,0.06
5/20/2023,84,68,76,T
5/21/2023,74,65,69.5,0.03
5/22/2023,87,63,75,0
5/23/2023,92,67,79.5,T
5/24/2023,86,65,75.5,0.9
5/25/2023,85,67,76,0
5/26/2023,89,65,77,0
5/27/2023,87,67,77,T
5/28/2023,86,71,78.5,0
5/29/2023,88,70,79,0.01
5/30/2023,89,67,78,0
5/31/2023,91,69,80,0
6/1/2023,91,72,81.5,0
6/2/2023,91,71,81,0
6/3/2023,93,68,80.5,0.05
6/4/2023,83,67,75,T
6/5/2023,88,67,77.5,0.67
6/6/2023,89,67,78,0
6/7/2023,91,70,80.5,0
6/8/2023,89,71,80,T
6/9/2023,100,71,85.5,0
6/10/2023,98,67,82.5,0.21
6/11/2023,100,74,87,0
6/12/2023,98,77,87.5,0
6/13/2023,94,78,86,0
6/14/2023,96,80,88,0
6/15/2023,101,82,91.5,0
6/16/2023,103,73,88,0.06
6/17/2023,97,78,87.5,0
6/18/2023,106,80,93,0
6/19/2023,104,80,92,0
6/20/2023,106,80,93,0
6/21/2023,103,73,88,0.06
6/22/2023,94,75,84.5,0.11
6/23/2023,99,78,88.5,0
6/24/2023,103,79,91,0
6/25/2023,103,80,91.5,0
6/26/2023,105,78,91.5,0
6/27/2023,105,77,91,0
6/28/2023,103,76,89.5,0
6/29/2023,101,79,90,0
6/30/2023,102,77,89.5,0
7/1/2023,102,78,90,0
7/2/2023,98,79,88.5,0
7/3/2023,99,78,88.5,0
7/4/2023,97,78,87.5,0
7/5/2023,99,79,89,0
7/6/2023,92,78,85,0.03
7/7/2023,95,75,85,0
7/8/2023,102,77,89.5,0
7/9/2023,104,78,91,0
7/10/2023,105,79,92,0
7/11/2023,105,79,92,0
7/12/2023,108,80,94,0
7/13/2023,107,80,93.5,0
7/14/2023,107,80,93.5,0
7/15/2023,107,79,93,0
7/16/2023,106,78,92,0
7/17/2023,108,77,92.5,0
7/18/2023,107,78,92.5,0
7/19/2023,106,78,92,0
7/20/2023,106,80,93,0
7/21/2023,104,77,90.5,0
7/22/2023,105,77,91,0.01
7/23/2023,106,80,93,0
7/24/2023,105,75,90,0
7/25/2023,104,77,90.5,0
7/26/2023,103,79,91,0
7/27/2023,103,78,90.5,0
7/28/2023,102,77,89.5,0
7/29/2023,104,76,90,0
7/30/2023,104,77,90.5,0
7/31/2023,107,79,93,0
8/1/2023,106,78,92,T
8/2/2023,105,79,92,0
8/3/2023,104,78,91,0
8/4/2023,105,79,92,0
8/5/2023,106,78,92,0
8/6/2023,105,78,91.5,0
8/7/2023,106,78,92,0
8/8/2023,106,78,92,0
8/9/2023,108,77,92.5,0
8/10/2023,107,78,92.5,0
8/11/2023,108,79,93.5,0
8/12/2023,106,80,93,0
8/13/2023,106,79,92.5,0
8/14/2023,106,77,91.5,0
8/15/2023,102,80,91,0
8/16/2023,104,73,88.5,0
8/17/2023,110,77,93.5,0
8/18/2023,106,77,91.5,0
8/19/2023,104,75,89.5,0
8/20/2023,107,78,92.5,0
8/21/2023,105,80,92.5,0
8/22/2023,99,78,88.5,0.11
8/23/2023,101,78,89.5,0
8/24/2023,105,79,92,0
8/25/2023,107,80,93.5,0
8/26/2023,107,77,92,0
8/27/2023,109,77,93,T
8/28/2023,100,75,87.5,0
8/29/2023,99,76,87.5,0
8/30/2023,101,70,85.5,0
8/31/2023,102,71,86.5,0
9/1/2023,100,73,86.5,0
9/2/2023,101,74,87.5,0
9/3/2023,102,76,89,0
9/4/2023,102,77,89.5,0
9/5/2023,104,79,91.5,0
9/6/2023,103,78,90.5,0
9/7/2023,105,78,91.5,0
9/8/2023,107,77,92,0
9/9/2023,104,77,90.5,0
9/10/2023,99,79,89,0
9/11/2023,98,75,86.5,0
9/12/2023,94,77,85.5,0
9/13/2023,89,72,80.5,0.17
9/14/2023,94,69,81.5,0.22
9/15/2023,89,73,81,0.02
9/16/2023,85,68,76.5,0.42
9/17/2023,94,69,81.5,0
9/18/2023,96,67,81.5,0
9/19/2023,98,72,85,0
9/20/2023,99,72,85.5,0
9/21/2023,97,76,86.5,0
9/22/2023,99,74,86.5,0
9/23/2023,101,78,89.5,0
9/24/2023,103,72,87.5,0.75
9/25/2023,96,76,86,T
9/26/2023,96,72,84,0
9/27/2023,96,71,83.5,0
9/28/2023,95,72,83.5,0
9/29/2023,95,72,83.5,0
9/30/2023,95,73,84,0
10/1/2023,94,72,83,0
10/2/2023,94,72,83,0
10/3/2023,95,70,82.5,0
10/4/2023,98,76,87,0
10/5/2023,80,67,73.5,1.5
10/6/2023,87,67,77,0
10/7/2023,76,60,68,0
10/8/2023,80,51,65.5,0
10/9/2023,85,54,69.5,0
10/10/2023,81,65,73,0
10/11/2023,71,66,68.5,0
10/12/2023,85,64,74.5,0
10/13/2023,93,69,81,T
10/14/2023,79,60,69.5,0
10/15/2023,75,56,65.5,0
10/16/2023,75,50,62.5,0
10/17/2023,77,45,61,0
10/18/2023,84,51,67.5,0
10/19/2023,88,58,73,0
10/20/2023,97,57,77,0
10/21/2023,94,57,75.5,0
10/22/2023,89,67,78,0
10/23/2023,83,68,75.5,1.2
10/24/2023,79,71,75,0.77
10/25/2023,85,72,78.5,0.03
10/26/2023,79,71,75,2.57
10/27/2023,88,73,80.5,0.43
10/28/2023,87,73,80,T
10/29/2023,78,41,59.5,0.24
10/30/2023,48,39,43.5,0.41
10/31/2023,61,42,51.5,0
11/1/2023,60,38,49,0
11/2/2023,67,35,51,0
11/3/2023,76,46,61,0
11/4/2023,79,58,68.5,0
11/5/2023,80,59,69.5,0
11/6/2023,80,64,72,0
11/7/2023,85,63,74,0
11/8/2023,81,69,75,0
11/9/2023,74,53,63.5,0.46
11/10/2023,56,52,54,0.35
11/11/2023,61,53,57,T
11/12/2023,61,54,57.5,0.12
11/13/2023,65,53,59,0.04
11/14/2023,72,54,63,0
11/15/2023,74,51,62.5,0
11/16/2023,62,51,56.5,0
11/17/2023,81,55,68,0
11/18/2023,70,59,64.5,0
11/19/2023,65,56,60.5,0.08
11/20/2023,82,60,71,T
11/21/2023,60,47,53.5,0
11/22/2023,66,39,52.5,0
11/23/2023,58,42,50,0
11/24/2023,65,40,52.5,0
11/25/2023,59,46,52.5,T
11/26/2023,56,42,49,0
11/27/2023,56,36,46,0
11/28/2023,61,45,53,0
11/29/2023,63,43,53,T
11/30/2023,73,56,64.5,0.16
12/1/2023,71,50,60.5,0
12/2/2023,68,45,56.5,0
12/3/2023,73,46,59.5,0
12/4/2023,68,44,56,0
12/5/2023,73,39,56,0
12/6/2023,68,42,55,0
12/7/2023,71,46,58.5,0
12/8/2023,72,61,66.5,0
12/9/2023,75,50,62.5,0
12/10/2023,59,38,48.5,0
12/11/2023,65,31,48,0
12/12/2023,68,39,53.5,0
12/13/2023,56,50,53,0.07
12/14/2023,67,48,57.5,0.01
12/15/2023,63,51,57,0.45
12/16/2023,65,43,54,0
12/17/2023,71,37,54,0
12/18/2023,68,43,55.5,0
12/19/2023,67,38,52.5,0
12/20/2023,72,50,61,0
12/21/2023,62,59,60.5,0.18
12/22/2023,71,60,65.5,0.08
12/23/2023,69,61,65,0.35
12/24/2023,72,53,62.5,1.28
12/25/2023,57,40,48.5,0
12/26/2023,59,33,46,0
12/27/2023,63,38,50.5,0
12/28/2023,60,38,49,0
12/29/2023,59,34,46.5,0
12/30/2023,69,39,54,0
12/31/2023,72,39,55.5,0
1/1/2024,59,42,50.5,0
1/2/2024,51,40,45.5,1.28
1/3/2024,51,43,47,0
1/4/2024,56,39,47.5,0.1
1/5/2024,64,46,55,0.01
1/6/2024,63,38,50.5,0
1/7/2024,64,34,49,0
1/8/2024,70,48,59,0.22
1/9/2024,56,33,44.5,0
1/10/2024,67,32,49.5,0
1/11/2024,73,44,58.5,0
1/12/2024,67,34,50.5,0
1/13/2024,62,33,47.5,0
1/14/2024,35,17,26,T
1/15/2024,24,16,20,T
1/16/2024,34,17,25.5,0
1/17/2024,45,16,30.5,0
1/18/2024,77,37,57,0
1/19/2024,55,30,42.5,0
1/20/2024,42,25,33.5,0
1/21/2024,39,36,37.5,0.04
1/22/2024,55,37,46,3.11
1/23/2024,59,52,55.5,0.19
1/24/2024,54,50,52,1.04
1/25/2024,63,47,55,0.08
1/26/2024,58,49,53.5,0
1/27/2024,64,48,56,0
1/28/2024,68,42,55,0
1/29/2024,73,41,57,0
1/30/2024,76,46,61,0
1/31/2024,75,46,60.5,0
2/1/2024,73,49,61,0
2/2/2024,68,58,63,0.31
2/3/2024,71,47,59,0.04
2/4/2024,69,47,58,0
2/5/2024,65,51,58,0
2/6/2024,71,44,57.5,0
2/7/2024,70,47,58.5,0
2/8/2024,73,60,66.5,T
2/9/2024,76,61,68.5,0
2/10/2024,67,58,62.5,0.64
2/11/2024,59,46,52.5,T
2/12/2024,62,41,51.5,0
2/13/2024,69,37,53,0
2/14/2024,67,42,54.5,0
2/15/2024,71,59,65,0
2/16/2024,77,52,64.5,0
2/17/2024,52,39,45.5,0
2/18/2024,58,33,45.5,0
2/19/2024,69,37,53,0
2/20/2024,80,45,62.5,0
2/21/2024,77,62,69.5,0
2/22/2024,88,65,76.5,0
2/23/2024,78,56,67,0
2/24/2024,81,51,66,0
2/25/2024,85,55,70,0
2/26/2024,85,59,72,0
2/27/2024,81,67,74,0
2/28/2024,71,47,59,0
2/29/2024,49,44,46.5,T
3/1/2024,70,45,57.5,0
3/2/2024,83,48,65.5,0
3/3/2024,81,63,72,0
3/4/2024,84,67,75.5,0
3/5/2024,91,61,76,0
3/6/2024,84,56,70,0
3/7/2024,75,67,71,0
3/8/2024,84,51,67.5,0.19
3/9/2024,63,46,54.5,0
3/10/2024,69,43,56,0
3/11/2024,75,54,64.5,0
3/12/2024,79,58,68.5,0
3/13/2024,84,67,75.5,0
3/14/2024,80,70,75,0.01
3/15/2024,76,64,70,0.02
3/16/2024,74,62,68,0.06
3/17/2024,66,58,62,0.74
3/18/2024,66,52,59,T
3/19/2024,68,46,57,0
3/20/2024,67,50,58.5,0
3/21/2024,64,58,61,0.13
3/22/2024,80,55,67.5,0
3/23/2024,73,52,62.5,0
3/24/2024,73,59,66,0
3/25/2024,78,57,67.5,0.12
3/26/2024,70,46,58,0
3/27/2024,68,48,58,0.07
3/28/2024,79,45,62,0
3/29/2024,80,56,68,0
3/30/2024,78,63,70.5,0
3/31/2024,79,67,73,0
4/1/2024,83,67,75,T
4/2/2024,76,57,66.5,0.06
4/3/2024,84,50,67,0
4/4/2024,89,48,68.5,0
4/5/2024,88,53,70.5,0
4/6/2024,79,63,71,T
4/7/2024,83,61,72,0.06
4/8/2024,80,61,70.5,0.16
4/9/2024,84,64,74,1.54
4/10/2024,71,57,64,0.17
4/11/2024,84,54,69,0
4/12/2024,83,51,67,0
4/13/2024,83,63,73,0
4/14/2024,85,65,75,0
4/15/2024,84,70,77,T
4/16/2024,81,70,75.5,0.03
4/17/2024,83,72,77.5,T
4/18/2024,88,72,80,0
4/19/2024,76,64,70,0
4/20/2024,72,54,63,0.69
4/21/2024,71,51,61,0
4/22/2024,75,49,62,0
4/23/2024,75,55,65,0
4/24/2024,84,69,76.5,T
4/25/2024,83,70,76.5,0.02
4/26/2024,84,72,78,T
4/27/2024,83,75,79,0
4/28/2024,80,65,72.5,0.75
4/29/2024,89,71,80,0
4/30/2024,85,68,76.5,0
5/1/2024,78,69,73.5,1.62
5/2/2024,77,68,72.5,0.05
5/3/2024,76,71,73.5,0.05
5/4/2024,80,71,75.5,T
5/5/2024,82,64,73,1.15
5/6/2024,87,74,80.5,0
5/7/2024,89,73,81,0
5/8/2024,89,76,82.5,0
5/9/2024,93,73,83,T
5/10/2024,86,70,78,0
5/11/2024,83,68,75.5,T
5/12/2024,75,68,71.5,T
5/13/2024,81,67,74,0.14
5/14/2024,94,62,78,0
5/15/2024,94,65,79.5,0
5/16/2024,82,65,73.5,1.47
5/17/2024,87,62,74.5,0
5/18/2024,95,68,81.5,0
5/19/2024,93,73,83,0
5/20/2024,94,70,82,0
5/21/2024,95,77,86,0
5/22/2024,94,78,86,T
5/23/2024,93,78,85.5,0
5/24/2024,96,77,86.5,0
5/25/2024,99,79,89,0
5/26/2024,96,78,87,0
5/27/2024,99,79,89,0
5/28/2024,87,71,79,0.23
5/29/2024,93,70,81.5,0.02
5/30/2024,93,77,85,0
5/31/2024,92,64,78,1.47
6/1/2024,92,72,82,0
6/2/2024,94,78,86,0
6/3/2024,95,80,87.5,0
6/4/2024,97,81,89,0
6/5/2024,92,70,81,T
6/6/2024,99,71,85,0
6/7/2024,98,71,84.5,0
6/8/2024,98,75,86.5,0
6/9/2024,97,74,85.5,0
6/10/2024,97,78,87.5,T
6/11/2024,96,74,85,0.23
6/12/2024,93,74,83.5,0
6/13/2024,97,76,86.5,0
6/14/2024,98,78,88,0
6/15/2024,98,77,87.5,0
6/16/2024,98,77,87.5,0
6/17/2024,98,78,88,T
6/18/2024,97,75,86,0
6/19/2024,83,74,78.5,1.25
6/20/2024,91,75,83,0.31
6/21/2024,93,76,84.5,0
6/22/2024,95,75,85,0
6/23/2024,96,75,85.5,0
6/24/2024,97,78,87.5,0
6/25/2024,98,80,89,0
6/26/2024,97,79,88,0
6/27/2024,100,78,89,0
6/28/2024,100,79,89.5,0
6/29/2024,101,81,91,0
6/30/2024,100,79,89.5,0
7/1/2024,101,77,89,0
7/2/2024,102,77,89.5,0
7/3/2024,101,78,89.5,0
7/4/2024,101,79,90,0
7/5/2024,101,78,89.5,0
7/6/2024,99,75,87,0.34
7/7/2024,95,74,84.5,0
7/8/2024,96,78,87,T
7/9/2024,98,74,86,0
7/10/2024,100,76,88,0
7/11/2024,100,73,86.5,0
7/12/2024,93,74,83.5,0
7/13/2024,94,74,84,0
7/14/2024,96,78,87,0
7/15/2024,100,76,88,0
7/16/2024,101,75,88,0
7/17/2024,101,77,89,0
7/18/2024,98,73,85.5,0.64
7/19/2024,98,75,86.5,0
7/20/2024,98,76,87,0
7/21/2024,98,74,86,0.62
7/22/2024,88,75,81.5,0.28
7/23/2024,81,73,77,1.04
7/24/2024,92,74,83,0
7/25/2024,91,74,82.5,0.01
7/26/2024,88,74,81,0
7/27/2024,86,74,80,T
7/28/2024,89,77,83,0.1
7/29/2024,97,79,88,T
7/30/2024,96,79,87.5,0
7/31/2024,96,78,87,0
8/1/2024,98,76,87,0
8/2/2024,100,76,88,0
8/3/2024,100,76,88,0
8/4/2024,98,72,85,0.95
8/5/2024,97,74,85.5,0
8/6/2024,98,76,87,0
8/7/2024,102,76,89,0
8/8/2024,101,77,89,0
8/9/2024,99,76,87.5,0
8/10/2024,99,76,87.5,0
8/11/2024,99,78,88.5,0
8/12/2024,100,76,88,0
8/13/2024,100,78,89,0
8/14/2024,101,77,89,0
8/15/2024,102,79,90.5,0
8/16/2024,101,79,90,0
8/17/2024,101,77,89,0
8/18/2024,102,79,90.5,0
8/19/2024,104,76,90,0
8/20/2024,106,79,92.5,0
8/21/2024,109,79,94,0
8/22/2024,107,79,93,0
8/23/2024,102,79,90.5,0
8/24/2024,99,77,88,0
8/25/2024,99,76,87.5,0
8/26/2024,93,75,84,0.01
8/27/2024,92,73,82.5,0.54
8/28/2024,97,74,85.5,0.01
8/29/2024,94,73,83.5,0
8/30/2024,94,75,84.5,0
8/31/2024,96,75,85.5,0
9/1/2024,95,76,85.5,0
9/2/2024,92,77,84.5,T
9/3/2024,88,74,81,0.33
9/4/2024,90,74,82,0
9/5/2024,89,75,82,0.04
9/6/2024,92,74,83,0
9/7/2024,91,71,81,0
9/8/2024,88,66,77,0
9/9/2024,90,60,75,0
9/10/2024,93,64,78.5,0
9/11/2024,91,74,82.5,0
9/12/2024,94,71,82.5,0
9/13/2024,99,69,84,0
9/14/2024,99,75,87,0
9/15/2024,100,77,88.5,0
9/16/2024,98,74,86,0
9/17/2024,98,74,86,0
9/18/2024,99,76,87.5,0
9/19/2024,99,78,88.5,0
9/20/2024,99,77,88,0
9/21/2024,98,77,87.5,0
9/22/2024,98,76,87,0
9/23/2024,93,76,84.5,0
9/24/2024,95,74,84.5,0
9/25/2024,95,71,83,0
9/26/2024,89,64,76.5,0
9/27/2024,95,63,79,0
9/28/2024,95,66,80.5,0
9/29/2024,94,65,79.5,0
9/30/2024,97,66,81.5,0
10/1/2024,97,67,82,0
10/2/2024,94,70,82,0
10/3/2024,95,68,81.5,0
10/4/2024,94,65,79.5,0
10/5/2024,94,69,81.5,0
10/6/2024,94,68,81,0
10/7/2024,94,68,81,0
10/8/2024,94,68,81,0
10/9/2024,93,61,77,0
10/10/2024,95,62,78.5,0
10/11/2024,94,64,79,0
10/12/2024,98,62,80,0
10/13/2024,101,66,83.5,0
10/14/2024,97,64,80.5,0
10/15/2024,99,62,80.5,0
10/16/2024,78,58,68,0
10/17/2024,76,53,64.5,0
10/18/2024,83,56,69.5,0.01
10/19/2024,86,63,74.5,0
10/20/2024,86,59,72.5,0
10/21/2024,87,56,71.5,0
10/22/2024,89,67,78,0
10/23/2024,91,65,78,0
10/24/2024,90,68,79,0
10/25/2024,91,71,81,0
10/26/2024,91,64,77.5,0
10/27/2024,93,65,79,0
10/28/2024,91,66,78.5,0
10/29/2024,90,73,81.5,0
10/30/2024,93,74,83.5,T
10/31/2024,85,70,77.5,0
11/1/2024,77,68,72.5,0
11/2/2024,81,71,76,0.06
11/3/2024,88,73,80.5,T
11/4/2024,87,61,74,1.79
11/5/2024,73,52,62.5,0.15
11/6/2024,80,48,64,0
11/7/2024,86,68,77,0
11/8/2024,89,64,76.5,0
11/9/2024,80,58,69,0
11/10/2024,86,59,72.5,0
11/11/2024,84,59,71.5,0
11/12/2024,83,57,70,0
11/13/2024,88,60,74,0
11/14/2024,76,50,63,0
11/15/2024,76,42,59,0
11/16/2024,83,52,67.5,0
11/17/2024,86,66,76,0.01
11/18/2024,79,53,66,0.25
11/19/2024,82,46,64,0
11/20/2024,68,43,55.5,0
11/21/2024,72,41,56.5,0
11/22/2024,76,45,60.5,0
11/23/2024,78,43,60.5,0
11/24/2024,83,56,69.5,0
11/25/2024,84,48,66,0
11/26/2024,66,43,54.5,0
11/27/2024,81,51,66,0
11/28/2024,60,45,52.5,0
11/29/2024,59,39,49,0
11/30/2024,65,44,54.5,0
12/1/2024,70,46,58,0
12/2/2024,69,43,56,0
12/3/2024,65,45,55,0.03
12/4/2024,59,52,55.5,0.25
12/5/2024,60,50,55,T
12/6/2024,51,42,46.5,0.02
12/7/2024,48,42,45,0.42
12/8/2024,60,45,52.5,T
12/9/2024,84,47,65.5,0
12/10/2024,60,42,51,0
12/11/2024,64,37,50.5,0
12/12/2024,66,34,50,0
12/13/2024,66,55,60.5,0.2
12/14/2024,79,66,72.5,0.13
12/15/2024,77,68,72.5,0.03
12/16/2024,80,66,73,0.01
12/17/2024,80,64,72,0
12/18/2024,68,49,58.5,0.03
12/19/2024,68,40,54,0
12/20/2024,68,42,55,0
12/21/2024,63,36,49.5,0
12/22/2024,71,46,58.5,0
12/23/2024,78,56,67,0
12/24/2024,76,59,67.5,0.02
12/25/2024,60,55,57.5,0.01
12/26/2024,78,50,64,0.01
12/27/2024,82,43,62.5,0
12/28/2024,81,58,69.5,0.04
12/29/2024,77,49,63,0
12/30/2024,89,50,69.5,0
12/31/2024,69,50,59.5,0
1/1/2025,60,41,50.5,0
1/2/2025,65,39,52,0
1/3/2025,66,56,61,T
1/4/2025,71,58,64.5,0
1/5/2025,75,35,55,T
1/6/2025,47,28,37.5,0
1/7/2025,48,30,39,0
1/8/2025,41,34,37.5,0
1/9/2025,40,35,37.5,0.84
1/10/2025,43,34,38.5,0
1/11/2025,60,27,43.5,0
1/12/2025,63,32,47.5,0
1/13/2025,57,36,46.5,0
1/14/2025,55,33,44,T
1/15/2025,63,42,52.5,T
1/16/2025,65,38,51.5,0
1/17/2025,61,47,54,0
1/18/2025,61,39,50,0
1/19/2025,43,28,35.5,0
1/20/2025,33,24,28.5,0.01
1/21/2025,37,23,30,0.04
1/22/2025,53,20,36.5,0
1/23/2025,56,31,43.5,0
1/24/2025,61,29,45,0
1/25/2025,57,34,45.5,0.02
1/26/2025,55,48,51.5,0.09
1/27/2025,54,45,49.5,T
1/28/2025,53,47,50,0.02
1/29/2025,69,52,60.5,0.07
1/30/2025,68,51,59.5,0.92
1/31/2025,72,42,57,0
2/1/2025,76,44,60,0
2/2/2025,82,43,62.5,0
2/3/2025,84,59,71.5,0
2/4/2025,83,67,75,0
2/5/2025,76,66,71,T
2/6/2025,82,66,74,0
2/7/2025,81,68,74.5,0
2/8/2025,87,68,77.5,0
2/9/2025,71,50,60.5,0
2/10/2025,50,46,48,T
2/11/2025,52,46,49,1.23
2/12/2025,54,40,47,0.2
2/13/2025,47,32,39.5,0
2/14/2025,50,36,43,0.05
2/15/2025,77,47,62,0.01
2/16/2025,55,35,45,0
2/17/2025,62,33,47.5,0
2/18/2025,59,28,43.5,0.07
2/19/2025,29,20,24.5,T
2/20/2025,35,18,26.5,0
2/21/2025,38,30,34,0
2/22/2025,42,30,36,0.05
2/23/2025,65,40,52.5,0.01
2/24/2025,77,39,58,0
2/25/2025,78,46,62,0
2/26/2025,83,60,71.5,0
2/27/2025,69,53,61,0
2/28/2025,78,45,61.5,0
3/1/2025,85,49,67,0
3/2/2025,80,58,69,0
3/3/2025,79,66,72.5,T
3/4/2025,76,53,64.5,0.31
3/5/2025,72,50,61,0
3/6/2025,75,42,58.5,0
3/7/2025,84,60,72,0
3/8/2025,78,47,62.5,T
3/9/2025,64,45,54.5,0
